34.22333378,-82.46170658,17,n
30.2950649,-92.41419698,114,n
37.76707161,-75.63234615,52,n
43.4526575,-116.2415516,598,n
41.33075609,-94.47105874,1,n
37.10459774,-85.28129668,54,n
40.19058551,-92.60078167,12,n
-13.133897,27.849332,65,n
35.88494195,-94.65859267,46,n
39.87432092,-104.3362578,915,n
44.89333571,-116.4545247,1,n
39.98815591,-91.18786813,34,n
40.7457653,-84.93671406,7,n
31.47669768,-91.35326037,83,n
40.5244942,-98.50117804,100,n
38.84541072,-83.4718964,3,n
39.87140411,-77.21610347,85,n
46.98299757,-118.5601734,41,n
43.96974651,-89.76782777,4,n
44.03217337,-73.14130877,61,n
33.54338026,-81.63645384,70,n
46.60962049,-93.4116826,1,n
29.67866525,-82.35928158,218,n
36.0434701,-79.39976137,50,n
37.64629437,-121.8929271,1193,n
37.57250606,-105.7885451,7,n
42.60060306,-73.97723916,687,n
41.65498705,-105.7235415,6,n
38.02080697,-78.55481085,61,n
44.6846864,-83.59507875,4,n
34.88084463,-88.57996173,7,n
37.18049267,-89.32910838,2,n
35.9223796,-81.17751948,3,n
38.814003,-77.08183073,421,n
36.73090616,-98.32408495,1,n
43.28383218,-91.37860922,40,n
42.59147037,-85.89102866,42,n
39.62357628,-78.69280486,32,n
42.25748406,-78.02750466,30,n
36.49360862,-81.12857041,2,n
37.78636074,-80.00222498,5,n
40.46809875,-79.98167747,1042,n
41.09194313,-85.06800636,327,n
36.75197631,-86.19457544,4,n
30.65385745,-92.82442028,79,n
40.77285242,-84.10802343,84,n
32.98837386,-81.35321066,6,n
45.03477666,-83.62212411,15,n
38.59678594,-119.8223594,1,n
38.44583082,-120.65696,7,n
37.34081025,-77.98584649,14,n
37.60308293,-79.14548696,10,n
31.17467303,-90.80501621,17,n
61.14998174,-149.1426986,155,n
38.21413251,-95.29272815,0,n
38.00671029,-84.99171713,6,n
34.51828081,-82.63959517,134,n
36.12684348,-84.19965764,16,n
31.81534745,-95.65354823,8,n
39.98492163,-94.80163024,1,n
32.30468633,-102.6376548,19,n
44.1664747,-70.20380627,35,n
31.25457347,-94.60901487,23,n
39.00670238,-76.60329337,1098,n
45.27476015,-93.24604565,95,n
34.97403241,-80.09953279,18,n
42.17695516,-98.0666283,1,n
44.99690221,-85.15503082,9,n
35.39465006,-109.4892383,202,n
40.74324454,-92.86865906,2,n
31.74847232,-82.28909114,21,n
37.37569884,-78.81340003,7,n
28.10556197,-96.9995047,2,n
39.64977461,-104.3353617,1536,n
37.19474156,-107.0476867,7,n
44.0636262,-83.89277559,12,n
34.29145151,-91.37277296,2,n
38.8767675,-77.10139853,593,n
40.81665618,-79.46290811,38,n
34.96507426,-101.3574874,1,n
46.65926321,-68.59841248,2,n
30.20406249,-90.9132841,512,n
36.43296207,-81.49862729,4,n
40.84772277,-82.27280781,5,n
46.31956891,-90.67837132,2,n
33.19153461,-91.7698471,12,n
41.70860332,-80.74830218,68,n
46.18894415,-117.2022851,13,n
29.89946234,-91.06461642,146,n
28.89333001,-98.52730485,12,n
39.53185661,-95.30870026,6,n
40.43238737,-95.42970639,2,n
39.33425634,-82.04278644,3,n
31.29633502,-82.87545866,5,n
39.47538693,-74.65848483,410,n
34.37366573,-96.03802487,1,n
33.08658803,-89.57838564,44,n
41.6844628,-94.90581859,1,n
40.55998859,-84.2242143,23,n
38.16404586,-79.12461614,24,n
43.71757685,-98.56050467,1,n
29.88548725,-96.27736949,12,n
32.53952745,-86.64408227,28,n
31.07796211,-92.00079449,69,n
37.31940883,-102.5603223,10,n
31.55456473,-82.45936528,19,n
30.33060121,-82.28467476,17,n
31.32669878,-84.44218806,20,n
30.72774991,-87.72207058,117,n
33.06882326,-83.24701748,130,n
37.05842757,-88.99427697,4,n
39.45784712,-76.62911955,1875,n
39.30211911,-76.61151012,1511,n
33.21927586,-81.05659969,7,n
29.74619598,-99.24598147,4,n
34.35607081,-83.49644388,15,n
42.67002716,-112.2233311,8,n
46.6720582,-88.36363591,0,n
37.2288586,-98.68460053,1,n
31.868263,-85.3871286,22,n
39.1307219,-80.00350858,4,n
46.93579637,-98.06605978,3,n
41.72980578,-70.28854339,632,n
33.26679302,-81.43584352,6,n
36.96469836,-85.93338945,6,n
45.42372701,-91.84833627,6,n
33.99148694,-83.71436292,93,n
42.59513984,-85.30834519,26,n
36.70978521,-93.82919888,4,n
39.20744865,-85.89558181,140,n
38.47889676,-98.75636726,7,n
34.23732119,-84.83887523,255,n
30.10370699,-97.31206354,44,n
38.25271289,-94.34113157,6,n
38.14735938,-83.74588932,3,n
38.05852573,-79.73912095,0,n
36.28784385,-92.33782872,5,n
30.26548745,-85.62122584,57,n
43.70639106,-83.98731479,85,n
46.52868768,-91.19716729,3,n
44.41464384,-98.27858469,21,n
41.52106798,-113.0832816,55,n
35.48531943,-76.84325809,15,n
32.39226291,-80.72619758,225,n
30.64836518,-93.34173616,36,n
36.7496847,-100.4758872,1,n
40.6825484,-80.34921611,298,n
45.13434354,-112.8984694,1,n
46.93479392,-95.67158144,1,n
35.26862449,-99.68128023,2,n
40.00522157,-78.48998442,15,n
35.51123746,-86.45549096,76,n
37.3080028,-79.5281964,18,n
28.41761668,-97.74215593,5,n
43.51637314,-71.41684235,26,n
31.03736027,-97.4785025,126,n
40.01625942,-80.9924051,73,n
47.97373527,-94.93732139,5,n
31.76095874,-83.22145359,15,n
43.03519828,-73.09048868,37,n
36.33644656,-94.25680817,62,n
40.60626947,-87.31093999,4,n
42.08011739,-92.06463573,23,n
45.69804958,-93.99514135,4,n
34.81681228,-89.18945516,8,n
38.29503305,-93.28756116,3,n
44.49167306,-123.4316987,28,n
36.07110411,-88.06849355,4,n
46.23946995,-119.5120834,314,n
44.63899297,-86.01608482,4,n
40.96010917,-74.07164325,13011,n
33.20222596,-79.94654523,138,n
39.46704621,-78.02414609,111,n
40.41570541,-75.92457766,1945,n
42.37428441,-73.20524838,387,n
35.05163625,-106.6703554,566,n
31.27590016,-83.2252992,10,n
41.95447397,-86.4131308,164,n
36.0688473,-76.96545943,24,n
60.90980451,-159.8561831,1,n
29.44928723,-98.52019748,1015,n
32.99642064,-87.1251146,32,n
32.80904227,-83.70489165,203,n
32.34569994,-93.05398492,66,n
45.42335905,-107.492347,3,n
44.52405055,-107.9960365,1,n
45.42712824,-96.41403739,1,n
43.2167288,-112.3978437,3,n
42.4704581,-92.30524729,259,n
40.47388153,-85.32499702,6,n
34.61296243,-78.56180059,2,n
43.4085812,-113.9752658,476,n
40.47961444,-78.34917412,14,n
30.26640707,-98.3999852,5,n
37.13128068,-81.13599391,0,n
32.43829035,-83.33035166,5,n
35.59942968,-85.20611967,10,n
33.98210918,-86.56790593,22,n
35.68938198,-83.92847788,46,n
44.03554215,-94.06699781,24,n
33.79696941,-90.87372121,85,n
37.32449052,-90.02725304,3,n
42.98914167,-97.88592746,4,n
38.88829622,-89.43534887,4,n
48.29996017,-116.6017932,4,n
43.38713372,-111.6161537,24,n
36.3084504,-93.09374925,3,n
42.32359279,-88.82345779,33,n
40.0509304,-86.46841646,154,n
42.03657094,-93.9313999,6,n
38.97065142,-84.72615357,81,n
38.99186229,-92.30723575,94,n
38.01974191,-81.69888019,2,n
31.89978581,-97.63613524,1,n
32.67932307,-93.60460152,233,n
37.55531756,-79.80982182,24,n
40.09313619,-105.3546767,352,n
48.76684761,-116.4630179,0,n
37.85508555,-94.84865997,7,n
38.2054607,-84.21827874,7,n
33.44626922,-94.41834132,57,n
46.11285362,-103.5203343,1,n
42.22079243,-103.0878834,1,n
38.36176608,-82.68652187,29,n
37.62680923,-84.8633779,13,n
38.69158994,-84.08532444,7,n
29.95079741,-82.16611613,42,n
41.78869215,-76.51570822,25,n
33.46755808,-92.15980837,7,n
35.15739424,-84.857186,37,n
41.91600556,-85.05929476,40,n
31.19576557,-81.97743999,20,n
38.70036159,-80.72011184,1,n
29.18757369,-95.44563172,315,n
30.6636448,-96.30205577,170,n
37.52333168,-83.31959161,1,n
37.77377239,-86.42885017,6,n
42.77461496,-92.31795937,28,n
28.29409504,-80.73091022,218,n
41.79228404,-71.10872211,1731,n
41.71018079,-71.28652315,67,n
36.6163024,-82.16359122,1,n
46.33277565,-111.4955813,4,n
40.27367263,-80.57915332,3,n
44.36974375,-96.79079945,9,n
30.83922642,-83.58303423,23,n
42.15903158,-75.81326086,199,n
39.95998787,-105.0566324,101,n
26.15184651,-80.48725556,4078,n
39.19605589,-86.22868909,14,n
44.24205652,-94.72562874,7,n
38.93416837,-83.86788395,9,n
45.58994323,-98.35165355,20,n
31.77430356,-98.99907113,13,n
44.4526553,-88.00411844,285,n
43.71756379,-99.08118954,0,n
34.070565,-78.22814204,36,n
36.76366949,-77.8593436,12,n
32.00979311,-81.44002948,35,n
33.96472458,-96.25903472,5,n
42.4709188,-91.83510825,11,n
39.65816401,-94.80138942,32,n
37.26818323,-82.03749726,12,n
37.57242268,-78.52518834,26,n
40.33682119,-75.10836643,1886,n
42.73545875,-95.15100162,2,n
37.73484642,-79.35296097,5,n
40.85486962,-99.07500296,55,n
44.37835084,-91.75332578,4,n
37.97162523,-85.68955617,33,n
32.39577406,-81.74811421,30,n
32.10030533,-85.71265535,11,n
35.61113393,-82.53305,47,n
41.40385234,-89.5283051,8,n
33.05917989,-81.99928721,48,n
35.74989637,-81.70755735,70,n
48.79094471,-102.5182117,2,n
46.97847375,-100.4645214,63,n
30.49273808,-96.62158484,9,n
39.87681124,-74.66927768,1663,n
30.78801353,-98.181887,9,n
41.85056773,-96.32605633,1,n
31.75300095,-86.68057478,14,n
42.73172833,-92.79015971,1,n
37.78134351,-96.83878537,12,n
37.20946153,-86.68748787,72,n
36.71462476,-90.40421163,24,n
41.22703692,-97.13106306,1,n
39.44012838,-84.57388716,180,n
40.91152759,-79.91351055,161,n
39.66727762,-121.6005252,16,n
44.90608745,-103.5079318,0,n
33.2830945,-83.9543504,80,n
35.3877799,-80.55267168,212,n
38.42424062,-82.23855912,34,n
32.57991587,-93.88375652,1276,n
35.17364557,-98.37534464,52,n
38.20537103,-120.552913,12,n
30.22931235,-93.35400434,324,n
37.14749129,-87.86948214,11,n
32.0902519,-92.11752148,15,n
39.65620858,-93.98308093,2,n
35.95204977,-81.54799522,23,n
29.83668859,-97.61814775,8,n
44.46548598,-72.10314651,12,n
33.77483727,-85.82630386,80,n
30.40666734,-85.19394153,6,n
31.53169785,-84.62725131,61,n
39.16840183,-90.66330078,1,n
42.24633834,-85.00493569,148,n
33.93683395,-89.33686647,42,n
33.66926881,-80.77722168,6,n
28.47048236,-96.61633945,21,n
32.29760619,-99.37326312,1,n
38.83674754,-91.92186505,21,n
36.62093411,-88.2731593,21,n
44.0816316,-88.21780273,6,n
38.53961642,-76.56820632,114,n
43.46665742,-114.8065892,1,n
40.49527404,-78.71377428,19,n
30.92951916,-81.66601818,27,n
38.02199522,-92.76083747,33,n
39.80343818,-74.96388753,2255,n
29.87592238,-93.19310676,3,n
41.43625568,-78.20376845,1,n
26.14524221,-97.48140372,298,n
32.97195142,-94.97790104,6,n
38.94384345,-84.37875208,58,n
36.40355516,-84.1510856,13,n
37.20553386,-79.09678609,9,n
44.24886082,-105.5474404,13,n
35.5426055,-97.98465569,75,n
32.40209349,-82.07702563,7,n
35.80990797,-86.05738983,8,n
43.61970148,-116.7095499,187,n
37.38489388,-89.6843587,36,n
39.15008829,-74.80170244,212,n
45.22850116,-109.0274047,6,n
40.91545395,-75.7068525,144,n
41.69357844,-106.9326084,4,n
42.77149116,-111.5597683,1,n
46.59180601,-92.67601019,37,n
38.87172293,-75.82904158,39,n
38.02679129,-77.34901405,14,n
36.3403856,-93.54270261,2,n
33.58138199,-85.07976677,305,n
42.06823429,-89.93395545,6,n
40.5807832,-86.56198812,7,n
42.03617207,-94.86032705,1,n
38.66599534,-85.12601074,2,n
39.56453592,-77.02373735,335,n
33.44834567,-89.91994479,14,n
43.87498583,-71.20430216,30,n
40.5789686,-81.09178213,16,n
35.97366108,-88.45189331,15,n
36.73066666,-80.73455942,3,n
35.40365929,-101.3542669,1,n
39.15509045,-119.7480219,28,n
38.31690743,-83.05092385,4,n
36.94160441,-90.96051322,3,n
34.25103751,-97.28552485,1,n
36.28969086,-82.12588974,5,n
34.8932941,-76.54120135,24,n
44.82017001,-93.8009918,14,n
47.30797024,-111.3467922,13,n
37.32533118,-84.92726209,1,n
40.76135835,-86.34830753,87,n
41.33149454,-94.92792482,1,n
41.91522292,-85.99405727,22,n
46.95043611,-94.32603968,4,n
38.64789422,-94.353399,53,n
40.90899107,-96.13971217,4,n
46.93201724,-97.2444719,246,n
33.07499881,-94.34646905,11,n
42.28347888,-113.6012409,10,n
34.53016752,-102.2617243,11,n
36.39312665,-79.33353281,8,n
31.66778967,-91.84526385,24,n
35.66211129,-81.2132617,43,n
34.89872298,-85.13757014,23,n
33.91514144,-108.4046587,1,n
42.24778241,-78.67923096,34,n
42.91261714,-76.55731592,36,n
39.56647682,-75.94627411,134,n
41.77233777,-91.13246684,26,n
37.72391475,-93.85445441,5,n
42.5988851,-97.25311951,0,n
39.37231946,-111.5758676,17,n
40.92058903,-77.82200624,73,n
43.08177563,-93.2612239,14,n
38.74745778,-106.1926573,38,n
32.91360079,-85.39072749,257,n
29.70972016,-94.67154501,35,n
40.13919438,-88.20046615,95,n
40.13923427,-83.76875242,8,n
39.51499357,-92.9629191,4,n
38.51092331,-76.98580666,392,n
37.35358063,-77.05634116,11,n
43.20660134,-98.58856175,4,n
32.82487866,-79.96512315,391,n
45.37790017,-85.19614053,12,n
26.90131002,-81.92949121,139,n
37.01909701,-78.66314092,8,n
38.03527919,-78.48569588,41,n
30.78371028,-82.13951596,6,n
38.30292938,-96.59563862,1,n
32.00043026,-81.12489526,185,n
35.70394416,-79.25541492,127,n
32.34341231,-84.78809239,7,n
34.47197698,-85.34535662,9,n
37.14994405,-96.2454192,3,n
42.2276921,-79.36691763,25,n
33.36406072,-104.4665365,21,n
36.26136216,-87.08903581,22,n
45.44787015,-84.50122149,14,n
47.87046092,-120.6173956,75,n
42.13891056,-76.7638805,73,n
42.49430041,-75.60887553,78,n
34.17805983,-85.60638968,12,n
34.24393976,-84.47431861,317,n
37.16928494,-94.8462897,7,n
35.1349263,-84.05970864,16,n
35.90692775,-94.99980896,24,n
35.05122251,-81.61828622,14,n
31.837258,-95.16559897,10,n
42.54502621,-101.1244332,1,n
36.67670048,-76.30545744,166,n
42.92015988,-72.25311043,30,n
39.97291773,-75.74768357,915,n
34.69249168,-81.1583216,25,n
35.42527478,-88.6095842,8,n
34.64137396,-80.1564014,36,n
37.37373208,-77.5868014,331,n
41.21999357,-102.9941693,4,n
43.06001295,-92.31773347,3,n
33.91983202,-88.9481545,45,n
33.26458973,-91.29539209,7,n
34.5293041,-100.2077916,1,n
32.85044126,-86.7173256,43,n
46.29552653,-84.54353449,2,n
45.02343421,-95.56403693,1,n
45.06939744,-91.28068855,20,n
45.5021011,-92.90861945,7,n
44.46322849,-73.08359212,385,n
32.02227341,-88.2656443,17,n
33.34598242,-89.24809382,13,n
34.02807439,-95.54771129,3,n
36.12908077,-76.60118385,6,n
39.54581621,-89.27780482,27,n
36.89267803,-87.49055367,79,n
36.9711783,-93.18537118,19,n
39.58105744,-118.3394607,3,n
34.91131525,-107.998876,33,n
28.84804315,-82.47614748,86,n
45.18787398,-122.2179634,171,n
32.82308512,-92.99526883,50,n
31.97061673,-90.90702196,10,n
36.48319149,-83.65947309,5,n
48.04754642,-123.9226319,14,n
43.98794227,-84.8481986,9,n
33.66610974,-80.21647898,120,n
41.19265812,-79.42413524,18,n
34.04613432,-93.17484713,27,n
39.33425789,-87.78705622,4,n
38.48015445,-85.70510334,177,n
37.9689263,-84.14615986,18,n
40.41040752,-91.73661677,1,n
36.21458855,-115.0130241,2998,n
39.91592258,-83.78498252,26,n
44.85834507,-97.72925109,1,n
45.77568046,-122.4829204,296,n
44.73483377,-90.61207486,16,n
31.68099859,-87.83548597,24,n
33.95436462,-83.37124007,114,n
41.02868181,-93.78499767,2,n
32.04158545,-88.6889622,29,n
39.11271747,-77.99199425,6,n
45.99712889,-123.660711,6,n
33.26984193,-85.85836077,19,n
36.36826212,-90.4148172,1,n
29.98319144,-81.85609986,249,n
31.62221166,-84.97713865,20,n
38.75388572,-88.48914513,1,n
39.39561833,-87.11723506,20,n
43.08247182,-95.15096481,3,n
39.34948772,-97.16518128,5,n
37.16451126,-83.712575,1,n
46.89289518,-96.48761922,62,n
33.65358105,-88.77784255,26,n
39.31132056,-94.41850862,59,n
40.52439441,-98.05126296,4,n
35.05704275,-83.74353633,5,n
42.91296147,-96.97656917,5,n
36.55151008,-85.53930419,5,n
33.78686685,-98.20771198,3,n
33.54187245,-84.35594188,540,n
42.84443388,-91.34133693,7,n
39.68864463,-105.6463118,11,n
41.00110782,-78.47592663,11,n
47.57992111,-95.37790562,3,n
33.67679204,-85.52005899,12,n
35.53864922,-92.02640019,71,n
39.04847534,-84.15375786,72,n
33.89723187,-92.18537045,8,n
35.33553364,-81.55204486,44,n
35.20413532,-97.32519562,324,n
30.91395822,-82.70432472,7,n
38.60704876,-89.42385254,45,n
40.30319754,-86.47277257,19,n
41.89981633,-90.53275096,42,n
36.72581156,-85.13377529,2,n
42.94400871,-84.60145248,104,n
39.6013098,-94.40465394,11,n
44.74530905,-73.67875352,51,n
39.41485808,-83.80852286,26,n
41.23255967,-77.63785995,11,n
39.48028352,-97.64925343,3,n
34.22772299,-90.60415045,49,n
33.94243204,-84.5761255,1196,n
31.87934684,-109.7516088,28,n
35.9278914,-83.11828725,11,n
35.83883429,-111.7707178,337,n
44.97788119,-97.18827677,13,n
31.39932826,-85.98901039,64,n
31.54892966,-82.8549206,83,n
35.49090731,-86.07311784,20,n
38.2365018,-95.73379515,47,n
34.69847452,-87.80168544,16,n
38.50455671,-92.27860244,46,n
39.51949084,-88.22358557,16,n
41.57486951,-97.0868542,5,n
36.60569702,-104.6472674,5,n
32.87582989,-80.67641292,23,n
26.11091986,-81.34687065,470,n
33.18820114,-96.57264368,527,n
37.26420587,-77.39609676,26,n
29.622098,-96.5273805,8,n
31.18810588,-83.7677946,145,n
33.21230701,-93.22642793,5,n
30.22509788,-82.62160164,40,n
33.54534185,-82.263524,116,n
42.24819348,-73.63089095,111,n
45.94464254,-123.0890898,14,n
41.04821986,-76.40565017,208,n
46.29442881,-117.9051983,1,n
43.46492199,-89.33589004,27,n
40.76932373,-80.78094576,182,n
34.26744084,-78.65801424,59,n
39.17881957,-122.2331726,3,n
29.80811278,-98.27647225,43,n
34.65973764,-98.47195055,71,n
31.94854689,-98.55876441,4,n
31.32635934,-99.86473038,1,n
31.44817835,-91.63814433,26,n
31.43401703,-86.99320044,9,n
37.91923498,-121.9289527,707,n
42.97272268,-105.5081848,9,n
35.26205537,-92.70506566,5,n
31.16068491,-83.42947229,13,n
41.84144849,-87.81658794,22101,n
33.63979567,-97.21240912,4,n
38.844478,-92.80896081,4,n
44.69063265,-71.30633239,2,n
43.17406868,-124.0594514,1,n
32.93690146,-86.24847739,23,n
31.86977774,-90.44565118,46,n
45.70889983,-101.1970473,1,n
42.59509207,-76.07048931,25,n
31.39078397,-97.79936155,75,n
40.30096166,-81.91729018,16,n
37.27732493,-105.4276548,3,n
34.28845626,-98.37053567,5,n
44.00715262,-95.18138802,6,n
31.2477854,-86.45050893,24,n
31.63225413,-89.55389939,33,n
37.7824656,-79.98631446,1,n
33.35334302,-84.76129976,169,n
37.23781842,-96.83776647,1,n
46.19074721,-122.6782231,32,n
36.76268118,-95.20916602,8,n
37.48133648,-80.21072274,2,n
35.83018283,-90.63235729,44,n
31.43052248,-102.5143314,2,n
35.11833364,-77.08398081,36,n
35.58928601,-94.2446814,4,n
32.71391813,-83.98061238,14,n
39.0032229,-87.75954624,4,n
38.28814402,-86.44518825,13,n
42.03718237,-95.3819718,6,n
37.50675523,-94.85245778,6,n
44.68255561,-84.61006219,29,n
37.97663738,-91.30528104,6,n
40.85065156,-82.91989099,37,n
41.68447709,-80.10760592,16,n
43.23870316,-90.93073686,3,n
35.90230551,-96.37086028,68,n
31.72941803,-86.31593104,6,n
31.92289565,-83.76811843,125,n
35.21247318,-90.30839406,142,n
37.35839237,-88.0882609,3,n
35.81830662,-89.14916269,6,n
44.14230227,-120.356297,1,n
44.58855102,-104.5697705,4,n
33.61431553,-101.3000364,1,n
35.29631396,-90.77185818,8,n
46.48096553,-94.06755609,20,n
38.32608609,-103.7844965,2,n
34.13020303,-86.86888037,44,n
38.48199985,-77.9563087,51,n
39.27432424,-88.2401158,2,n
36.78926125,-85.39050034,3,n
43.8370751,-70.37226999,380,n
39.37199394,-75.10712559,338,n
35.04762133,-78.82623165,113,n
40.1625372,-77.26130755,186,n
35.95271721,-84.99840585,58,n
37.51328851,-78.24398086,10,n
41.91637624,-96.78730772,2,n
36.36123664,-75.95876401,3,n
34.57421077,-103.3468876,10,n
42.45911325,-124.157282,4,n
38.10883162,-105.3683478,2,n
44.24186819,-114.2855494,2,n
41.39374521,-99.72805369,20,n
35.63853802,-99.00170785,10,n
41.424119,-81.65918339,1577,n
34.8549167,-85.50490424,10,n
44.67172617,-93.06299363,124,n
42.39040144,-96.56656425,51,n
31.43037123,-85.61095742,21,n
36.27787176,-102.6020725,3,n
32.32688101,-87.1086671,26,n
33.97042763,-92.65167437,1,n
41.68560356,-94.04127625,52,n
37.6811355,-93.02127031,2,n
32.76670599,-96.7779605,2512,n
43.06601594,-89.41733797,364,n
36.58022376,-79.40395668,28,n
35.66520691,-75.71767334,15,n
40.13412966,-84.6194517,57,n
34.33358335,-79.96027485,69,n
40.41377078,-76.77993242,386,n
35.79115496,-80.21256572,94,n
36.17007426,-86.78646056,1675,n
35.93099927,-80.54496571,23,n
38.70186039,-87.07185406,34,n
37.73028906,-87.0901948,130,n
39.96145298,-93.98519678,2,n
40.99001837,-112.1139997,242,n
43.67490933,-98.14458906,3,n
34.44244079,-84.16964071,45,n
40.87028216,-99.8201461,172,n
32.74255572,-101.9477242,13,n
45.367281,-97.60737498,0,n
32.05457447,-93.74130302,158,n
40.17514519,-88.90959682,1,n
34.45946862,-85.80782906,46,n
33.76944049,-84.22396017,1521,n
41.89373302,-88.76958483,55,n
41.39804622,-84.99906934,13,n
39.89201062,-94.40476508,3,n
35.97616272,-85.83689361,12,n
27.18677893,-81.80941373,24,n
34.87625235,-89.99091418,238,n
29.08101855,-97.3568117,13,n
34.96522957,-102.6054267,12,n
39.14647946,-84.97333539,68,n
30.87967778,-84.57619536,61,n
39.30712658,-85.50087166,168,n
35.60048904,-88.11043779,4,n
46.05953325,-113.073353,3,n
41.32398837,-84.49076944,15,n
41.74228275,-123.8974063,2,n
40.22787247,-85.39732772,114,n
42.47104597,-91.3664492,2,n
42.19837623,-74.96709306,49,n
40.27942393,-83.00457058,122,n
36.40823634,-94.80325046,86,n
39.91680171,-75.40243663,2545,n
38.86246243,-107.8631342,22,n
45.9048491,-86.9080745,13,n
33.38570922,-95.66921122,1,n
33.20521901,-97.11691153,593,n
39.76018276,-104.8725695,1784,n
40.92012606,-91.18326592,13,n
43.91570171,-121.2289121,64,n
33.83011025,-91.25500948,7,n
44.75994309,-96.66943645,1,n
35.98772922,-99.00730714,2,n
33.61616822,-100.7788855,1,n
37.12560977,-82.35124171,0,n
43.37787725,-95.1510206,1,n
38.86600962,-97.15532383,1,n
46.00999672,-87.86961634,3,n
36.14669837,-87.35891709,46,n
34.39007791,-79.37741872,22,n
28.42270064,-99.75645095,1,n
37.07544585,-77.63451754,8,n
38.90417773,-77.01655992,2927,n
48.8149387,-103.4873611,1,n
29.60631086,-83.15724673,4,n
42.49188363,-96.86782408,1,n
32.17265114,-83.16948926,19,n
44.02238415,-92.86244324,18,n
41.58071748,-96.65598179,18,n
43.41576662,-88.70928178,19,n
32.35275771,-106.8329387,73,n
39.79067154,-95.14056866,1,n
34.96517499,-100.8140093,23,n
32.15630737,-83.79746561,71,n
44.95856458,-87.30002707,9,n
38.45413522,-76.02752426,23,n
33.0794369,-80.40502652,88,n
31.53328528,-84.21722377,1436,n
39.33133796,-104.930001,368,n
33.70291126,-84.77026156,243,n
39.76768052,-88.21854195,12,n
38.88503636,-95.2925121,43,n
45.93348491,-95.45335469,2,n
41.29518299,-96.15085305,291,n
38.912862,-119.6171333,15,n
43.27941273,-123.167291,23,n
47.7361335,-119.692937,32,n
46.43222285,-91.91595768,8,n
33.59035001,-91.71777921,6,n
41.85116968,-88.08642662,1761,n
38.36597551,-86.8792417,16,n
42.46815349,-90.88181925,46,n
41.40674725,-70.68763497,23,n
36.27167174,-90.09122243,19,n
47.35423935,-102.6160468,10,n
44.94562799,-91.8962481,9,n
34.93449805,-77.93140529,26,n
36.03638492,-78.87608331,435,n
41.7648606,-73.74356679,2284,n
30.33225875,-81.66976468,896,n
27.68184592,-98.50864568,1,n
36.05931946,-89.41542855,28,n
39.62754308,-106.6933637,485,n
31.32155345,-84.90255207,173,n
30.53842039,-91.09777565,1534,n
32.73926954,-91.23425694,1,n
30.84425359,-91.04976723,95,n
32.32743996,-98.83243566,3,n
42.59599185,-84.83740035,90,n
44.726614,-91.28609183,22,n
30.71101099,-82.89687287,4,n
31.86898877,-102.5429428,58,n
32.47167456,-104.3053527,10,n
47.71701474,-98.90432337,1,n
35.91230639,-77.59436892,58,n
33.77221995,-81.96231108,12,n
37.21218923,-86.23955613,7,n
37.88735543,-99.31263309,1,n
32.36616021,-81.34280942,27,n
39.05935711,-88.58969584,4,n
38.77965956,-120.5233166,36,n
38.83240149,-104.5251411,731,n
31.76980765,-106.2363275,531,n
39.28656773,-104.1358721,23,n
34.11302332,-82.83936148,7,n
41.42822061,-78.64524744,2,n
41.59761169,-85.85875695,164,n
41.14531606,-115.3577619,12,n
38.91458712,-99.31751551,8,n
32.34894117,-96.79371841,90,n
32.59785413,-86.14415284,69,n
43.3507101,-115.4701578,22,n
32.59221302,-82.30239915,14,n
45.52625509,-84.89083249,21,n
46.28398398,-100.2389766,1,n
36.69455571,-77.53406129,11,n
32.23602653,-98.21773417,13,n
42.76249024,-78.73063652,2192,n
41.36796058,-82.62904521,37,n
41.99253829,-80.03301954,60,n
31.1256789,-87.15918694,16,n
30.67652764,-87.37284571,315,n
42.6687626,-70.94687179,5153,n
40.78681335,-74.24657979,10729,n
44.11630765,-73.77297842,20,n
44.72736416,-71.73579864,2,n
37.93357639,-76.94230311,2,n
34.04567266,-86.04051873,100,n
30.72985248,-92.39915924,43,n
32.15328841,-81.8870105,3,n
64.80726247,-146.5692662,79,n
38.83677558,-77.27565836,1925,n
38.85157547,-77.2977964,21,n
41.26809896,-73.3881171,8320,n
39.75107189,-82.63088163,99,n
34.39287073,-81.1195624,25,n
43.23929297,-103.5275691,1,n
31.25350609,-96.93630086,1,n
38.88485255,-77.17560759,24,n
34.86430205,-84.316964,19,n
33.59564294,-96.10751083,8,n
43.67381499,-93.94787458,4,n
45.07082625,-99.14535601,1,n
35.14719007,-92.33717519,62,n
38.73564842,-77.80647472,41,n
33.72076938,-87.73886638,3,n
33.41357794,-84.49089434,143,n
39.00072038,-89.02452658,15,n
39.63684962,-85.17797541,22,n
42.86271799,-91.8441231,6,n
38.0368225,-84.45576892,219,n
39.56021306,-83.4562016,13,n
39.92041012,-79.64291195,67,n
35.19615831,-89.41399032,46,n
29.87788372,-96.92076062,15,n
38.02974928,-81.08286634,5,n
36.38128818,-84.92870012,4,n
48.4711431,-118.5154041,1,n
43.67394126,-92.08980382,11,n
38.04340344,-100.7381938,41,n
29.45933576,-81.31508595,76,n
48.29575866,-114.0520569,37,n
38.36758311,-83.69657514,2,n
34.02361754,-79.70189312,153,n
45.84963535,-88.39804137,2,n
34.26268279,-85.21577392,126,n
38.32117957,-85.90385377,142,n
37.56213922,-82.74750924,4,n
34.07227468,-101.3031546,2,n
36.9302126,-80.36738849,1,n
37.84157909,-78.27715475,68,n
43.75354908,-88.48885325,65,n
40.59706922,-88.22350769,6,n
37.69200114,-99.88825298,180,n
41.51095103,-79.23229292,7,n
31.18961454,-89.25832496,147,n
34.22604035,-84.1231513,211,n
36.12859861,-80.25459052,126,n
29.52704478,-95.77219463,783,n
47.4571084,-98.88279923,1,n
40.12361933,-87.24217689,8,n
34.44235334,-87.84289505,18,n
35.51202821,-93.89299569,1,n
29.83791238,-84.82731662,2,n
34.37525597,-83.23159927,12,n
37.99189086,-88.92567818,5,n
39.4142482,-85.06062647,90,n
42.73270384,-93.26256925,1,n
38.56443815,-95.28644341,12,n
38.2379395,-84.87962551,13,n
32.13675181,-91.67589857,83,n
44.97330019,-70.44381045,13,n
42.58119713,-72.58602547,181,n
31.47786634,-90.89672989,16,n
38.41127108,-91.07522826,99,n
40.17636348,-98.95299073,3,n
44.59040891,-74.29926032,13,n
36.081519,-78.28708884,71,n
39.96995815,-83.01115755,1510,n
39.92956518,-77.72157791,115,n
35.15634626,-86.09201039,27,n
33.17653242,-95.21917243,1,n
44.85627605,-72.91249563,93,n
36.99536167,-79.88023649,16,n
46.53351425,-118.9018212,191,n
36.6831435,-76.93859681,12,n
39.47296601,-77.39999394,616,n
39.20172582,-78.25974949,81,n
38.2977863,-77.4922454,17,n
43.67385583,-93.34884422,33,n
31.70422788,-96.15072516,3,n
38.47362326,-105.4399667,10,n
44.22800938,-111.4809943,2,n
43.04183996,-108.6296893,51,n
36.75733899,-119.6466953,315,n
28.86751206,-99.10804207,1,n
33.79216944,-84.46319413,2198,n
40.47289135,-90.20862357,1,n
41.0469907,-86.26252745,6,n
36.55238827,-89.20140068,1,n
43.11363907,-74.41798804,27,n
41.60213491,-84.12571393,16,n
39.92913544,-78.11163677,2,n
40.17642064,-99.91247454,2,n
30.57796289,-84.61915825,57,n
40.26186809,-96.68946704,28,n
32.74055318,-102.6353295,2,n
36.66601852,-80.91703124,1,n
37.76430935,-88.22953869,2,n
38.75398691,-84.8558382,1,n
45.54486106,-111.1692571,143,n
38.82708533,-82.31647569,6,n
29.40167322,-94.90469073,455,n
39.59921777,-107.902708,70,n
36.3791334,-97.78265517,11,n
34.57692074,-93.14921604,108,n
37.6388668,-84.53289319,1,n
39.52786077,-79.27355126,4,n
34.70418038,-97.30811132,11,n
38.43947277,-91.50847147,2,n
35.29373559,-81.17477045,112,n
36.44667547,-76.69749701,4,n
38.99871131,-96.7577178,9,n
41.49952319,-81.17935342,105,n
44.06482372,-116.398376,10,n
43.02244215,-83.70589709,1256,n
43.0022601,-78.19135193,119,n
31.09389027,-85.83572839,4,n
40.21097916,-94.40944419,1,n
30.86259065,-88.64436789,10,n
33.43443342,-79.33202141,34,n
38.30393723,-87.58054938,5,n
35.99438059,-88.93358327,31,n
33.80190085,-110.8132779,8,n
29.72856978,-82.79880657,4,n
35.20222469,-87.03992678,5,n
37.31234791,-80.70636931,4,n
30.31824095,-98.94676915,1,n
34.69316688,-84.45802506,15,n
39.85646523,-105.5252597,1,n
48.70513576,-112.9934235,4,n
26.95635849,-81.18996211,5,n
43.98901072,-84.38774817,9,n
39.59875897,-122.3938452,4,n
39.71581067,-75.13995546,770,n
37.40809042,-76.53524337,21,n
31.23279254,-81.53811412,49,n
46.40862701,-89.69377193,4,n
46.3816474,-109.1768522,3,n
28.65696592,-97.42760647,5,n
29.45634206,-97.49424032,2,n
37.71714806,-77.90381514,58,n
44.40849741,-92.7234195,19,n
42.96927962,-114.8108306,8,n
34.50487351,-84.87296253,67,n
42.08798185,-104.3534743,3,n
40.51481965,-99.83020279,6,n
38.91588178,-100.4829321,1,n
30.87454847,-84.23418364,34,n
35.0167709,-97.88339847,23,n
43.93779815,-71.82057197,45,n
32.93166885,-109.8882178,2,n
36.27469206,-83.51254721,4,n
40.10603347,-106.1178042,4,n
47.92093639,-97.45450447,138,n
44.7975824,-73.29679772,3,n
44.69565625,-85.55585247,19,n
34.29017991,-92.42320562,11,n
40.51587228,-85.65468702,78,n
38.64962758,-84.62415957,16,n
31.59882456,-92.56124347,12,n
32.73911281,-108.3827845,14,n
46.35821257,-101.6390013,1,n
36.796297,-97.78638765,2,n
44.49024544,-119.0068631,1,n
47.20753737,-119.4500749,143,n
39.10314817,-79.19440518,1,n
42.8671731,-90.7063218,23,n
36.30337451,-78.65184241,112,n
43.29265605,-84.60505416,8,n
36.72292505,-88.65143315,63,n
37.73836671,-100.4369088,1,n
35.40081878,-100.8129222,17,n
47.14003705,-123.7820567,12,n
37.46231118,-86.34248968,16,n
33.62744998,-96.67753461,19,n
36.65677234,-81.23215889,0,n
37.26484328,-85.5540745,1,n
42.6794956,-89.60243287,9,n
43.80025981,-89.04679553,1,n
37.9463652,-80.45335881,3,n
32.85504247,-87.95684022,32,n
36.1173546,-90.55832668,8,n
33.5769205,-83.17139104,45,n
39.35907414,-90.388865,1,n
39.03630547,-86.96223202,42,n
42.03614551,-94.39658081,1,n
31.21444233,-88.63922281,3,n
37.2575872,-93.34230916,90,n
42.275797,-74.12384884,86,n
35.48544173,-77.67578087,14,n
39.69116283,-83.89032084,39,n
39.85746531,-80.22357106,25,n
36.17470125,-82.84691273,35,n
38.29545894,-78.46525378,8,n
33.21498827,-109.2405279,2,n
36.67878901,-77.56351439,21,n
38.54332505,-82.9215658,10,n
34.89502264,-82.37295012,498,n
37.8774388,-96.23250453,2,n
34.15272415,-82.12715789,37,n
34.93535801,-99.5605612,57,n
32.47940482,-94.81591935,52,n
33.77036166,-89.80245083,26,n
30.54579585,-95.98902499,10,n
41.28569601,-88.41905692,26,n
42.40183723,-92.78829551,5,n
35.38433717,-85.72142731,25,n
34.86319296,-104.790669,1,n
29.58165339,-97.94786822,58,n
40.05026529,-81.49248905,12,n
36.07959451,-79.78824948,176,n
29.93543004,-85.2427099,1,n
38.66611652,-107.0320729,114,n
41.68378965,-94.50111014,4,n
33.96044201,-84.02137802,1181,n
34.63331566,-83.53094677,99,n
32.76039258,-87.63284988,31,n
34.07044901,-101.8268114,12,n
36.25669272,-77.6556109,33,n
36.76654925,-78.93512622,10,n
34.32207823,-83.81896936,702,n
40.87257079,-98.50218293,531,n
36.21990035,-83.26586179,8,n
30.49673973,-82.94998918,3,n
38.08163641,-88.53883373,1,n
40.07306535,-86.05244729,598,n
42.38382428,-93.70197703,2,n
37.99978709,-101.7921066,1,n
40.87349452,-98.02099117,20,n
43.66146647,-74.49721957,3,n
39.19673558,-84.54502924,735,n
35.17670231,-85.16652245,118,n
31.70470573,-98.11083887,5,n
44.67385954,-97.18829593,2,n
42.13440424,-72.63235561,2337,n
42.33997957,-72.65898478,317,n
39.32103553,-78.60826476,6,n
32.77419582,-81.13845571,21,n
37.03513786,-76.35879121,90,n
33.2721566,-82.99766919,10,n
40.40423981,-91.16313899,3,n
39.82304555,-85.77566351,151,n
43.08178477,-93.73454884,3,n
37.83766422,-86.78280584,6,n
44.59816444,-68.38401854,6,n
30.41830223,-89.48851033,53,n
41.00250487,-83.66838948,30,n
36.52692871,-83.22375847,0,n
40.51943859,-80.57461608,7,n
37.7583355,-77.49464673,91,n
36.27743284,-101.3545796,1,n
33.79602175,-85.21005667,22,n
27.49293939,-81.80956574,4,n
35.20772017,-88.99161161,7,n
42.38353877,-93.23654611,3,n
37.6976111,-85.96319251,29,n
40.66015414,-83.65929931,17,n
35.19732531,-88.18593755,4,n
30.33364686,-94.38931817,75,n
39.00683177,-78.85855301,3,n
39.55010644,-76.3077594,226,n
35.36731853,-78.87243571,61,n
36.78836519,-99.6679804,1,n
32.73709786,-84.90538572,45,n
29.86,-95.39,4977,n
38.19467379,-86.10948271,101,n
41.68330137,-95.81558439,14,n
38.44188174,-84.32869741,16,n
30.51359752,-89.12467576,145,n
40.35570088,-93.99222144,6,n
40.29380509,-81.09068544,2,n
32.54935988,-94.36934071,47,n
39.2853852,-80.37919577,30,n
38.43542574,-78.87536254,252,n
34.34626973,-82.96567682,6,n
37.29943898,-85.88461055,2,n
41.80283011,-72.73103891,3823,n
35.84008013,-102.6029022,1,n
38.04293782,-97.42747573,5,n
37.5620394,-100.8710738,1,n
35.222576,-95.11513306,2,n
19.60121157,-155.5210167,64,n
36.44355426,-82.94885298,27,n
30.05669873,-98.02944344,128,n
35.55269063,-82.98196486,5,n
35.58332824,-89.28536625,13,n
33.29686567,-85.12886832,7,n
35.83764858,-100.2703577,1,n
33.73325583,-93.66935133,5,n
40.81908672,-90.92491462,2,n
37.79344553,-87.57392021,33,n
35.33788927,-82.4766782,128,n
35.65581134,-88.38600175,4,n
32.21128872,-95.85846587,13,n
39.76719009,-86.51037283,499,n
26.55386945,-81.16469006,44,n
45.00761521,-93.47694895,975,n
37.53460572,-77.39326555,598,n
31.51148016,-85.24267944,18,n
33.4533428,-84.1481466,382,n
41.3533994,-90.13296166,30,n
39.93029017,-85.39625719,31,n
40.98767962,-91.54436349,27,n
38.44942688,-85.11587507,4,n
38.38482826,-93.79293734,6,n
41.3339642,-84.06830637,3,n
36.33160906,-88.30121797,9,n
36.68542395,-79.87634026,10,n
43.42034246,-74.96145307,49,n
28.55364461,-82.42700204,84,n
36.3607755,-76.98104134,9,n
35.80609681,-87.47643507,2,n
31.91383467,-108.7151824,0,n
26.39418217,-98.18299696,261,n
39.1839264,-83.60331456,7,n
38.35799465,-79.56124594,0,n
27.34254618,-81.34071957,71,n
48.62879827,-110.1129252,1,n
31.99045053,-97.13423143,10,n
27.9276559,-82.32013172,973,n
42.91537785,-71.7200253,604,n
41.88753639,-84.59312019,90,n
32.2656285,-90.44435448,347,n
37.82247444,-107.3004345,3,n
39.49537927,-82.47991446,4,n
33.60771256,-102.3431676,16,n
35.01888303,-79.23651674,23,n
30.86747479,-85.81319222,6,n
33.12345854,-90.08923538,60,n
40.56163713,-81.92635677,4,n
40.09799248,-95.2163888,1,n
21.45803166,-157.9712182,385,n
32.42990927,-97.83242024,17,n
45.51872811,-121.6552036,4,n
37.29186313,-77.29754684,16,n
37.30939025,-87.54670406,112,n
33.14875072,-95.56351139,4,n
33.9212828,-78.99555293,185,n
34.31709259,-92.95396325,8,n
43.71930657,-108.4423174,1,n
46.89988536,-88.68495385,2,n
31.15197924,-85.29939599,70,n
32.45802497,-83.66879087,182,n
43.67129565,-91.49143057,1,n
36.28872054,-87.71878828,4,n
31.31925973,-95.42226208,3,n
34.09007427,-93.9934871,14,n
40.48527731,-86.11351892,72,n
43.35671042,-92.31702714,4,n
39.25305293,-76.93126208,538,n
39.1435761,-92.69756691,2,n
41.2200529,-98.5166499,3,n
32.30621324,-101.4356444,1,n
36.77383887,-91.88683935,5,n
40.73766234,-74.07515667,11150,n
37.68473101,-104.9612585,1,n
44.39091534,-99.99661148,5,n
40.69923009,-123.876044,52,n
41.40692186,-118.1109427,27,n
33.12825718,-90.52252707,12,n
36.03958805,-87.77992872,6,n
33.12351514,-96.08551032,32,n
40.56335249,-74.91284156,419,n
40.42162652,-77.97673273,13,n
40.82907273,-85.48822092,6,n
43.83353985,-83.04078453,10,n
41.14651175,-82.59867951,20,n
43.33449012,-97.75536441,2,n
35.84006574,-101.3546643,8,n
44.54747703,-99.48572582,1,n
29.86803617,-91.75871777,194,n
30.25734305,-91.3499598,282,n
45.84721541,-115.4634436,3,n
33.0393082,-115.3669042,160,n
35.74242707,-91.57001641,8,n
27.69308961,-80.60556721,85,n
40.65241041,-79.08963285,53,n
42.59716886,-84.37472069,314,n
36.51112084,-117.4111978,18,n
42.94502238,-85.07413319,23,n
44.35486835,-83.63484895,13,n
41.68630265,-92.0643373,13,n
43.00050278,-90.13469017,6,n
35.80950511,-80.8743128,82,n
37.55487945,-90.7735296,2,n
46.26302338,-90.24295041,2,n
40.74717633,-87.82466784,13,n
31.60213036,-83.27501387,15,n
43.64060976,-84.84664923,52,n
45.56181234,-93.29487636,6,n
48.14713305,-122.5216407,166,n
36.90579348,-76.70842863,86,n
47.51009045,-93.63092229,2,n
34.27993475,-88.3606733,26,n
36.09604046,-91.90847954,2,n
33.23377248,-98.17283469,3,n
34.78144169,-85.99750489,39,n
35.59802983,-91.21494602,1,n
30.7954597,-85.21500423,9,n
34.13794553,-83.56814788,55,n
37.78595185,-89.38232563,44,n
38.9091582,-86.03851889,89,n
42.17178824,-90.57354837,5,n
39.41673394,-95.79356799,1,n
37.41866422,-83.99825483,57,n
32.30251776,-92.55692092,15,n
42.24807035,-84.42258681,260,n
43.67423373,-95.15398258,2,n
30.54020656,-88.64184064,209,n
39.01002188,-94.34724536,271,n
35.28814273,-83.14093385,5,n
39.01914254,-82.6181856,4,n
34.58781741,-99.41138784,6,n
42.43201126,-122.7289309,49,n
36.36380466,-85.67239905,6,n
28.95472367,-96.57749563,4,n
38.84263974,-81.68148753,101,n
44.31864893,-90.80566792,12,n
37.31156958,-76.76950618,141,n
33.31535543,-83.68844964,18,n
39.01054275,-88.15437049,20,n
41.02078733,-87.11553319,25,n
41.68576082,-93.05567785,42,n
32.01922104,-89.11786866,23,n
37.20351921,-94.34050458,28,n
32.43171982,-81.02487495,15,n
30.74685667,-94.02667579,9,n
40.43781032,-85.00576229,10,n
31.80405727,-82.6372487,7,n
33.55554728,-86.895063,688,n
34.26767081,-91.92619839,126,n
39.58635604,-105.2517692,957,n
30.43669112,-83.89442308,26,n
33.05867328,-82.41609057,11,n
43.82078483,-112.3131749,5,n
38.29980057,-88.9240025,32,n
38.78576239,-85.43633383,20,n
41.03192394,-91.94849466,6,n
39.2347941,-95.38289232,6,n
38.18664655,-85.65931031,867,n
29.74075478,-90.11115756,5761,n
31.73397872,-91.03764977,6,n
38.25926778,-90.53870896,222,n
46.14907081,-112.094396,2,n
44.04200959,-75.94653457,54,n
40.38614126,-80.76259514,30,n
34.11130184,-97.83182974,1,n
44.62806839,-121.17832,1,n
41.12913106,-78.9986361,3,n
36.04818632,-83.45148924,16,n
29.8832777,-94.16434171,180,n
47.75003077,-123.5609704,28,n
39.30776166,-77.86014147,61,n
43.02054068,-88.77529134,32,n
30.26896765,-92.81210004,55,n
31.56884708,-89.8267099,10,n
32.79248718,-81.96040187,13,n
38.99588883,-85.62710784,64,n
44.06637798,-98.62965972,4,n
42.68891267,-114.2655033,44,n
39.08869046,-90.35393073,8,n
37.87119786,-84.58252003,32,n
39.78470589,-98.21820662,4,n
27.73103938,-98.0904705,2,n
42.36542373,-90.21094405,12,n
35.56759135,-93.46036368,22,n
32.70211082,-82.66166794,34,n
37.45939802,-88.88165419,2,n
39.48994426,-86.10149107,426,n
41.67169354,-91.58754744,303,n
38.88548175,-94.82250877,377,n
37.85106355,-82.8264322,1,n
38.74719601,-93.80691168,50,n
40.39257596,-96.26522753,2,n
36.4552395,-81.84886538,2,n
32.37877812,-97.36615819,41,n
44.04057166,-106.5845174,11,n
35.51745004,-78.36622717,123,n
34.31440473,-96.66011537,3,n
33.02512137,-83.56019163,20,n
42.12118609,-91.13139641,15,n
31.62257767,-89.168969,74,n
35.02254606,-77.35870791,9,n
32.73997145,-99.87861576,4,n
42.3665549,-123.5561938,19,n
58.45031811,-134.200436,24,n
43.92456975,-90.11120239,10,n
40.53358749,-77.3997513,72,n
42.24542231,-85.53038622,185,n
44.68512729,-85.09085699,17,n
38.33860077,-81.52857054,128,n
45.1526059,-95.00586446,3,n
41.93842729,-88.42861412,638,n
41.13746989,-87.86205334,278,n
39.0997,-94.5786,420,n
28.90705334,-97.85960149,3,n
22.03935037,-159.5966786,21,n
32.5991417,-96.28734728,44,n
36.81799745,-97.14421435,46,n
40.50663314,-98.94877182,4,n
38.00017981,-101.321681,2,n
32.75462946,-88.64105766,21,n
60.24429722,-151.5388884,19,n
41.59081014,-88.42869583,138,n
29.94414155,-98.7113588,14,n
44.40759555,-69.76738544,97,n
42.57639354,-88.04051686,257,n
39.08646628,-75.56884914,430,n
39.24976208,-76.04741541,28,n
43.03197711,-85.54934642,550,n
41.67106337,-71.57641596,366,n
38.93950319,-84.53241199,156,n
41.33649833,-92.1785067,3,n
35.34329425,-118.7277796,643,n
30.06040006,-99.34930144,4,n
34.33988254,-80.58763164,201,n
55.57445008,-130.975561,15,n
44.51727459,-87.61468386,8,n
41.19774275,-103.7148131,9,n
47.49137892,-121.8346131,5174,n
38.26818502,-77.15852768,18,n
37.70965316,-77.09384941,2,n
37.71044922,-76.88689628,2,n
35.94530008,-97.94193268,6,n
36.07409056,-119.8159973,30,n
44.36956169,-97.4913945,0,n
34.91671958,-98.97720696,3,n
39.30497777,-102.6022199,18,n
47.63479026,-122.6436061,138,n
47.12521214,-120.679439,14,n
48.77754106,-96.78317184,1,n
42.68762984,-121.6496461,31,n
27.42435506,-97.69894948,6,n
45.87325839,-120.7913598,16,n
37.35388197,-82.94981134,3,n
40.93148779,-90.2133034,10,n
38.68861576,-87.4194665,18,n
36.89225732,-83.85403396,5,n
44.11486325,-69.10529169,12,n
42.63758421,-97.89178836,2,n
40.39830217,-82.42027563,13,n
35.99508821,-83.94635435,193,n
33.60519951,-99.7422906,1,n
57.65529415,-153.7493579,1,n
48.24539665,-93.78352843,1,n
47.67282258,-116.7020872,51,n
41.24521668,-85.86312322,22,n
43.20405458,-94.20691791,1,n
43.90632465,-91.11451093,25,n
33.72854224,-113.9810029,5,n
37.28632032,-107.8429014,52,n
28.34453111,-99.09908775,1,n
41.64232188,-85.42674232,17,n
41.54366008,-86.74072188,140,n
41.3442613,-88.88633881,30,n
31.67884782,-92.15907765,14,n
37.19113093,-95.29849679,20,n
44.9973857,-96.17488219,1,n
41.43564672,-75.60379201,646,n
33.24116713,-93.60677071,4,n
29.98484137,-83.18166636,1,n
30.2049055,-92.06959876,423,n
34.35687874,-89.48490961,67,n
39.06986886,-93.78076396,30,n
42.66005229,-90.1317729,3,n
29.52470226,-90.40976986,573,n
39.10124298,-122.7536244,6,n
39.20278823,-106.3555697,8,n
28.76202069,-81.7125123,211,n
42.3224907,-88.00367925,2216,n
41.41874274,-87.38277575,1182,n
43.99050893,-85.802173,2,n
47.64514965,-114.0898013,5,n
41.69710807,-81.23676539,135,n
44.02193107,-97.12926365,3,n
36.3418017,-89.48921915,4,n
33.77995024,-88.09668032,9,n
33.07841647,-84.14263877,27,n
31.20572971,-89.5077704,71,n
33.66981763,-95.57404777,7,n
34.06859623,-102.3516289,2,n
44.60353043,-72.64356694,23,n
31.19531316,-98.24206613,2,n
40.78416049,-96.68777155,85,n
40.03904563,-76.24770128,1236,n
34.68270843,-80.70513032,79,n
37.71889653,-76.46400482,1,n
43.93727035,-122.847753,48,n
31.0382857,-83.06472457,7,n
43.09052506,-83.22153148,145,n
41.3070252,-104.6887497,73,n
40.66671597,-105.4625784,239,n
37.54567114,-85.70138352,5,n
37.3153406,-104.0376458,3,n
46.81587887,-116.7113698,3,n
34.87844729,-95.25215049,4,n
34.90171875,-87.65624729,24,n
32.40419769,-88.66229662,220,n
35.75893438,-89.6301591,16,n
37.10975748,-84.11321779,13,n
32.46325233,-82.92221316,43,n
34.48244419,-82.00490796,20,n
29.38508402,-96.93186692,4,n
34.52041498,-87.31069453,10,n
36.04188196,-91.10867198,26,n
38.71987914,-87.72884035,2,n
38.84112637,-86.48361629,81,n
38.07136018,-82.72882223,1,n
31.55147224,-90.10841127,17,n
38.59743452,-82.53466552,21,n
40.99206278,-80.33393706,59,n
44.35919441,-103.7929428,9,n
35.21675201,-87.39787695,15,n
34.89851864,-94.70392124,6,n
44.37136597,-93.72844721,22,n
32.79215361,-103.4123733,2,n
32.7536828,-89.52402044,86,n
39.20183497,-95.03620809,135,n
40.36680311,-76.45651841,502,n
32.60154883,-85.35132246,311,n
34.78498904,-90.78383866,3,n
26.58410348,-81.88399313,785,n
31.7793306,-84.14324253,276,n
41.74583951,-89.29977132,17,n
40.64181461,-91.48183025,3,n
34.2918775,-88.68149954,63,n
35.47623147,-79.17569362,38,n
34.16393091,-80.25690731,42,n
30.31120597,-96.97045773,2,n
36.70586667,-83.12606515,7,n
44.94430054,-85.80150326,7,n
33.55545125,-90.29900733,105,n
40.6154815,-75.59435245,2245,n
41.89475156,-84.06603727,65,n
35.2403259,-77.64245615,21,n
30.45955727,-84.27491114,184,n
31.29872538,-95.9936328,5,n
37.09246661,-83.37999606,2,n
37.12306748,-82.85346474,1,n
29.31829741,-82.74007147,13,n
46.23315327,-116.434146,0,n
38.53184419,-83.37735618,3,n
43.7844157,-75.44903992,9,n
35.52853208,-87.49022694,2,n
46.57756476,-122.3925769,21,n
38.9947249,-80.49988181,2,n
47.12610041,-112.394698,16,n
33.89665987,-81.27146426,274,n
37.78258621,-79.44262866,3,n
30.23766008,-84.8829258,2,n
31.82588896,-81.49251135,34,n
48.56084317,-111.024307,1,n
30.15152688,-94.81205615,32,n
40.09136236,-82.48185785,100,n
34.81185586,-86.98310072,40,n
31.5454767,-96.58095444,11,n
33.95317155,-91.74002806,258,n
38.98749519,-103.5136649,3,n
33.79201475,-82.45024131,9,n
43.0012336,-114.1358773,17,n
37.45475628,-84.6565327,4,n
32.6003154,-92.6659741,51,n
44.05996956,-69.54227124,12,n
44.41311883,-96.26688165,2,n
31.53288662,-90.45391915,107,n
39.05345619,-90.95588181,56,n
48.54265777,-115.4046155,7,n
41.04658298,-100.7475374,18,n
37.64268459,-114.8790388,0,n
33.74526079,-105.4586166,1,n
35.48508185,-81.21740317,19,n
35.70270942,-96.8812462,10,n
44.64252874,-123.869912,5,n
43.27841182,-96.7203905,95,n
35.13738622,-86.58910106,10,n
47.57705241,-118.4194388,2,n
38.172154,-82.07017953,1,n
42.26376367,-110.6563997,5,n
42.07923082,-91.59809485,409,n
38.21267844,-94.84254089,6,n
39.87001769,-93.10704106,5,n
44.48899494,-122.5373154,61,n
41.7937534,-73.2451475,639,n
28.35101362,-98.1246786,3,n
40.89188292,-88.55784752,17,n
37.21137452,-88.34797529,1,n
30.44143993,-90.73061664,149,n
42.60302282,-83.91297209,288,n
39.78110272,-93.54645978,2,n
42.72596275,-77.77966158,39,n
30.70645047,-98.68475262,3,n
35.21413234,-93.71951016,3,n
40.7249637,-103.110817,17,n
40.12581572,-89.36638784,4,n
36.85949479,-86.877635,8,n
41.56650314,-100.4817851,0,n
40.38996525,-83.76784341,13,n
35.91899576,-97.44352845,9,n
37.8299889,-81.93528571,8,n
31.75218791,-81.74952375,2,n
34.75392199,-91.88742357,26,n
41.29553751,-82.15083537,303,n
35.86631386,-106.3134985,6,n
34.30828379,-118.2282411,13823,n
35.73939663,-84.31145275,23,n
39.08990083,-77.63481877,446,n
41.21842119,-91.26102611,215,n
37.97850256,-77.96274807,33,n
33.95273467,-97.23906784,2,n
32.1597283,-86.65158371,31,n
30.83568832,-83.27056716,101,n
33.47386518,-88.4419153,34,n
33.61008596,-101.8204789,430,n
41.62101218,-83.65468618,823,n
46.47227431,-85.54471223,1,n
34.57286511,-84.00425681,24,n
32.18179341,-107.7508826,3,n
36.94618528,-78.24133319,3,n
41.17823008,-75.98447579,1767,n
41.34310539,-77.06629984,40,n
43.89522709,-99.85201878,2,n
37.40021399,-79.19888138,38,n
33.17657705,-101.8162849,5,n
43.38107862,-96.20926845,5,n
38.45576156,-96.15275715,77,n
37.02080035,-88.07886257,13,n
44.41327865,-95.83806103,5,n
39.01777974,-119.1870479,18,n
46.07028979,-85.04980537,4,n
42.69158356,-82.92752801,4425,n
32.38759944,-85.69267724,26,n
32.35207048,-84.04234127,53,n
39.86064913,-88.96342505,55,n
39.83049768,-92.56453089,2,n
35.14867843,-83.41696617,2,n
36.53157855,-86.00778595,34,n
39.26119767,-89.92424028,21,n
37.21513971,-119.7665589,34,n
34.76327133,-86.55069633,202,n
36.01038185,-93.72524943,1,n
30.44396917,-83.47398594,23,n
34.12920917,-83.21218732,15,n
43.78141028,-111.6538474,8,n
38.83042506,-89.90422563,184,n
40.16143691,-85.71964711,340,n
41.33081904,-94.01554631,3,n
37.71659336,-84.27220275,21,n
32.36918118,-91.23973355,4,n
32.63389156,-90.03513564,140,n
37.47865134,-90.3467143,1,n
45.30080065,-111.9173017,8,n
41.91676024,-97.6005481,11,n
42.91653905,-75.67266639,117,n
39.89381073,-83.40178317,30,n
35.61181957,-88.84076036,87,n
30.96694679,-95.93003775,2,n
38.41531222,-78.28220331,8,n
41.33521503,-92.64083907,8,n
47.32557075,-95.80921485,1,n
41.01631101,-80.77287029,604,n
36.31149996,-98.53467076,2,n
43.1937027,-117.6227395,5,n
38.7464321,-77.48509905,96,n
38.77058531,-77.44399307,30,n
27.47196942,-82.31831044,433,n
44.33352407,-86.05626916,11,n
44.11946801,-87.80928853,7,n
44.89792533,-89.75863384,17,n
32.24767634,-87.78796182,30,n
33.34835867,-112.4918154,2636,n
38.16193985,-91.92249662,2,n
38.07122463,-122.7210631,195,n
45.38553432,-88.033246,5,n
34.13697363,-87.88704173,63,n
36.26844485,-92.68451899,1,n
29.21227113,-82.05803627,129,n
32.3483402,-84.52733571,29,n
38.64963204,-88.91899208,20,n
39.78163624,-86.13826325,4052,n
41.33445101,-93.09934783,5,n
38.35855394,-97.0985251,5,n
37.55218078,-85.26898542,13,n
31.23132643,-89.8209217,47,n
40.58610662,-83.15736305,2073,n
44.90287942,-122.5815117,371,n
34.07859748,-79.36400756,15,n
35.12997174,-85.62265895,28,n
32.79868409,-94.3566123,3,n
39.50984542,-80.24244659,44,n
34.59905577,-79.67561152,29,n
46.4338914,-87.64043701,32,n
43.81911946,-89.40073763,3,n
34.36975964,-86.30486727,167,n
41.0327901,-89.34510444,4,n
41.32467367,-86.26185087,24,n
42.03586837,-92.9990819,173,n
36.8800707,-88.32803576,14,n
48.35825983,-96.37017407,1,n
34.76216286,-89.50299462,38,n
34.02311222,-96.76855464,2,n
45.75870838,-97.59855639,1,n
35.45798777,-86.76420988,16,n
39.86064362,-80.66591062,8,n
27.0772071,-80.43109784,155,n
38.7099921,-86.80373186,6,n
37.79990579,-82.51247478,2,n
43.67429718,-94.55099908,41,n
35.84326734,-77.10860251,9,n
32.30600051,-101.9513518,2,n
36.68212094,-79.86352771,0,n
40.23917274,-89.91824452,5,n
38.59471935,-83.82151043,6,n
43.99509218,-86.24988902,4,n
30.71780434,-99.22629416,1,n
47.35007586,-123.1863685,22,n
38.77071799,-82.02524219,11,n
37.22078441,-88.71036614,3,n
28.81955746,-96.01230294,55,n
62.31305045,-149.5741743,19,n
37.44164146,-76.34098896,3,n
20.86399628,-156.5689097,108,n
35.6187413,-87.07462444,34,n
28.7429195,-100.3157686,12,n
36.30179091,-95.23175116,19,n
35.01123903,-97.44572302,22,n
43.6742571,-97.36863144,3,n
33.90161443,-82.30794338,6,n
37.05350953,-88.70445755,29,n
36.73874143,-84.48102924,10,n
31.1925468,-99.34682807,3,n
34.11664328,-94.77222373,8,n
36.62869595,-94.34867205,4,n
40.45674722,-90.67775541,3,n
35.67736232,-82.0482425,20,n
37.38002939,-81.65083669,6,n
33.47851918,-82.48252774,37,n
42.32451172,-88.45248227,351,n
48.23104458,-100.6324822,1,n
31.49683595,-81.40163426,4,n
46.11182017,-99.44145858,1,n
35.37235506,-95.66599306,2,n
41.80938602,-78.56478358,4,n
47.7413337,-103.395905,10,n
35.5800772,-108.262245,416,n
40.48996987,-88.84621113,86,n
37.5301951,-87.26803443,8,n
47.60766714,-101.3182418,3,n
31.55255453,-97.20217694,76,n
44.82367677,-94.27287017,3,n
35.42812616,-84.61520715,6,n
35.17468549,-88.5647812,9,n
38.39184858,-97.64769869,17,n
37.96163597,-86.21028219,3,n
44.56676791,-102.7162741,1,n
46.59907074,-110.8898557,1,n
35.24469268,-80.8317671,1231,n
36.67882005,-78.36131056,65,n
43.64064262,-85.32463223,13,n
41.11770589,-81.8998621,139,n
29.3557301,-99.11030298,15,n
45.12328869,-94.52839455,3,n
39.09224872,-82.0305041,2,n
35.51558739,-84.81482914,3,n
40.02742725,-89.80246001,3,n
39.4381191,-123.3911313,5,n
37.94090733,-83.59985712,3,n
45.58038692,-87.55370409,1,n
45.00422544,-88.70950714,1,n
37.18922369,-120.7209035,90,n
41.20596782,-90.74290052,5,n
37.81474237,-84.87488475,9,n
40.28047017,-74.70479631,2591,n
47.31213126,-101.8318399,0,n
40.54043046,-84.62912742,13,n
41.30248872,-80.25816981,59,n
37.40481169,-81.11023142,8,n
33.04163534,-84.68859732,46,n
41.16624273,-98.0374887,9,n
43.29662971,-71.6811573,96,n
39.01787888,-108.469799,35,n
40.76940965,-86.04525048,22,n
38.56383358,-94.83832189,4,n
40.0543329,-84.22871271,131,n
25.6112362,-80.55170587,9657,n
41.45949668,-72.53714864,484,n
42.48607732,-71.39049229,8737,n
40.43629879,-74.41426991,8346,n
37.63191998,-76.55064617,3,n
43.64330771,-84.38804374,47,n
31.86904128,-102.0315682,43,n
40.61116939,-77.61070738,20,n
30.7858183,-96.97718698,12,n
45.93705297,-93.63236823,1,n
33.31403423,-93.89285258,30,n
31.16568912,-84.73151117,23,n
38.21450288,-92.42610898,1,n
41.03299766,-95.61920963,2,n
43.00486062,-87.96733172,2191,n
44.02197882,-97.60992207,1,n
37.66954283,-106.9281698,2,n
39.41561583,-78.94104895,8,n
37.73048351,-82.13338365,2,n
42.85518524,-113.6357257,10,n
43.67441641,-96.7910885,1405,n
44.33772443,-85.09256478,5,n
35.76271485,-90.0519437,9,n
47.03728583,-113.9213508,38,n
31.22483255,-84.19381821,210,n
43.35638371,-92.78887719,2,n
39.39331582,-98.20906732,2,n
36.01059309,-82.1582442,5,n
32.30623474,-100.9212058,1,n
30.78472347,-88.20842409,680,n
40.61810999,-108.2070876,4,n
35.70471703,-113.7577902,56,n
38.63571781,-92.57976951,39,n
40.26549699,-74.22240686,4787,n
37.93899289,-118.8872409,24,n
42.05220391,-95.95743843,7,n
39.63218457,-80.04766838,90,n
31.56729412,-87.36995001,9,n
34.6815935,-91.20540287,4,n
25.20904673,-81.07812416,73,n
33.014289,-83.92097166,15,n
38.27594376,-90.17761038,54,n
39.16130004,-86.52414358,114,n
36.71225341,-85.71596443,3,n
41.92734151,-83.53749864,236,n
33.89236763,-88.4808438,75,n
43.14638895,-77.69322942,1054,n
39.72984936,-81.08464734,2,n
41.05934058,-75.34031025,970,n
35.44550387,-84.24902965,11,n
37.56274716,-80.54577965,5,n
43.94641218,-90.618819,13,n
33.67521893,-97.72500958,5,n
43.31082541,-85.15252824,26,n
36.21862405,-121.2413397,141,n
37.33859579,-108.5958857,13,n
32.2206831,-86.20969272,231,n
32.17201038,-82.53527476,2,n
39.23198845,-89.47809254,16,n
40.04034823,-86.89335024,26,n
41.03018714,-95.15642896,1,n
37.19236568,-95.74329258,12,n
38.03253032,-83.9145241,9,n
39.13676329,-77.20358245,2647,n
33.49419589,-89.61729103,15,n
38.94022054,-91.47000721,7,n
42.90123494,-74.44011632,35,n
35.33155144,-79.90416657,18,n
39.75394919,-84.29050975,235,n
40.21053671,-75.36652296,3040,n
36.49609412,-87.38550661,122,n
30.30079133,-95.50572772,377,n
37.17746986,-80.37868691,44,n
45.0275929,-84.12696227,4,n
41.03023987,-76.66345939,48,n
38.40214114,-108.2639022,77,n
44.02266214,-96.67081159,1,n
35.30885257,-79.48474178,93,n
35.27724699,-86.36230578,2,n
35.83769242,-101.8930281,121,n
32.81686191,-91.80421614,38,n
34.45500589,-86.85475946,48,n
40.2627981,-103.8093302,157,n
33.59232073,-83.49129491,22,n
39.71654544,-90.20255104,13,n
39.47899078,-86.44573375,119,n
37.92465657,-83.25558245,1,n
38.4181765,-92.88791859,2,n
39.62081738,-81.85308173,3,n
36.13248031,-84.64880098,5,n
39.55439028,-78.26311676,9,n
41.71711774,-103.0061405,1,n
38.68827511,-96.65128437,2,n
40.86095313,-74.5455371,4236,n
33.11304005,-94.73255695,5,n
46.01265363,-94.27341528,1,n
40.5236356,-82.7892599,23,n
45.41846568,-119.584546,5,n
37.19141121,-101.7992519,2,n
46.71681782,-101.2822377,22,n
34.07408766,-100.779722,1,n
39.64187451,-88.62099969,2,n
48.20197971,-102.3555315,30,n
43.67142874,-92.75234549,26,n
37.21425819,-87.14632053,76,n
45.54747959,-122.4169351,520,n
34.78897608,-84.74993177,18,n
44.02216709,-95.76328482,3,n
34.48116015,-97.06826283,1,n
41.48370744,-91.1121697,218,n
32.50931999,-84.87142262,229,n
43.29123859,-86.15176712,149,n
39.96575964,-81.94363275,9,n
35.61318461,-95.37802952,26,n
46.49684637,-108.39498,1,n
31.62017125,-94.61803994,91,n
41.39750195,-97.99327291,1,n
38.50735751,-122.332839,48,n
35.96575634,-77.98422508,61,n
30.61037141,-81.80297522,46,n
40.74066522,-73.58941873,30677,n
31.72321584,-93.09816516,58,n
42.96180148,-106.797885,38,n
35.3997715,-110.3218983,473,n
32.04620681,-96.47428766,20,n
37.80335779,-85.4657193,13,n
47.9226426,-98.19038437,1,n
37.78790447,-78.88498513,5,n
40.38514847,-95.85433992,1,n
37.55862897,-95.30670046,2,n
32.75339664,-89.11726492,73,n
33.66340119,-93.30632432,1,n
39.30394768,-120.7627281,36,n
39.57992638,-75.64054974,1229,n
34.25758282,-77.87075626,68,n
41.4080325,-72.93620426,5272,n
37.50694406,-76.99828634,18,n
41.48896435,-72.10430976,356,n
36.59666326,-89.66070007,9,n
40.7672726,-73.97152637,141235,n
43.554374,-85.80070107,7,n
34.28629098,-81.59935761,21,n
41.5642026,-71.26569799,107,n
37.08166899,-76.51754109,102,n
35.91947491,-93.21612969,2,n
33.55514538,-83.8454714,139,n
40.95610449,-87.39635768,31,n
32.40021118,-89.11843336,30,n
36.90519407,-94.3394104,9,n
30.78548982,-93.74408813,2,n
46.32638236,-116.7500975,30,n
43.19898042,-78.74777412,255,n
38.33342292,-84.01889177,1,n
38.29617706,-80.79759588,4,n
44.35291112,-94.24710352,7,n
43.05607708,-104.4758896,1,n
41.39672484,-85.41966713,38,n
39.76818851,-81.45937183,4,n
36.38953329,-97.22928674,6,n
43.67434621,-95.75329576,76,n
40.36079813,-94.88133008,3,n
64.90320724,-164.0353804,1,n
42.16073095,-71.20530408,3789,n
36.89934014,-76.26420872,113,n
47.32628443,-96.45620947,5,n
36.41736238,-77.39769443,72,n
40.75182733,-75.30471829,1469,n
37.34062933,-75.87751591,7,n
40.84785433,-76.70798222,73,n
37.89202088,-76.41949732,5,n
36.93357076,-82.62750411,2,n
37.1435975,-78.05065922,8,n
36.79843529,-95.61902331,13,n
33.11009499,-88.56949061,22,n
27.736286,-97.5433285,90,n
38.04264256,-116.4722702,28,n
43.08310673,-95.62474482,3,n
42.66090111,-83.38595416,6178,n
36.35732446,-89.14921589,9,n
39.8895449,-74.28089251,4868,n
43.64124435,-86.26726673,3,n
33.83749973,-83.43679568,51,n
34.75225169,-83.06742317,17,n
45.02715345,-88.26807503,5,n
44.33481032,-84.12725175,6,n
43.33749164,-102.5555498,1,n
42.04165196,-89.32184679,58,n
33.8786296,-83.08278123,34,n
38.955305,-84.96515993,1,n
37.47751843,-86.85368087,17,n
40.0955451,-80.62203992,22,n
30.69143028,-86.59267105,131,n
48.54855019,-119.7387224,14,n
27.3863362,-80.88944347,7,n
35.46485198,-96.32639984,1,n
35.55140095,-97.40716948,574,n
35.64661916,-95.96432828,15,n
33.42491685,-88.87905132,43,n
38.39791089,-85.448222,22,n
35.40425596,-102.6027606,3,n
47.11530482,-101.3406158,1,n
44.00374114,-92.40209944,197,n
43.24375382,-75.43710392,279,n
45.70677897,-89.51944105,6,n
43.00491923,-76.19971155,646,n
34.72607366,-77.42908179,37,n
42.85145728,-77.30874425,71,n
46.6652262,-89.31390481,0,n
33.70147516,-117.7645998,1676,n
28.51367621,-81.31799498,1216,n
38.5411892,-86.49523093,34,n
41.40337468,-74.30240757,6514,n
36.06092947,-79.12167935,187,n
30.11879481,-93.89412775,53,n
44.00470222,-72.37640104,5,n
38.24530219,-78.015604,21,n
33.4391073,-80.79886287,44,n
36.68710164,-91.4033755,1,n
30.06971951,-89.92660315,6148,n
43.2516977,-78.2320066,46,n
44.82964024,-72.24562697,9,n
38.65235984,-95.72707998,4,n
38.46036182,-91.8613635,4,n
36.62888819,-96.39635704,65,n
39.3503437,-98.76753828,2,n
28.06312234,-81.14882926,410,n
43.37824276,-95.62422844,3,n
43.98992088,-85.32566756,7,n
44.68192279,-84.12939244,4,n
43.42778894,-76.14635194,52,n
37.9014485,-103.7173385,6,n
32.61348406,-105.7417604,3,n
40.64843556,-96.13374142,1,n
45.02085831,-84.59898295,72,n
42.63492579,-75.03151402,49,n
39.13237408,-97.65020313,3,n
42.95996803,-85.9969107,119,n
41.53781826,-83.0940185,29,n
36.83532655,-94.81011909,27,n
46.40846929,-95.70835255,6,n
33.58839816,-92.87795984,5,n
32.47645559,-92.15704172,518,n
38.14717457,-107.7675136,5,n
44.41578887,-88.46565023,35,n
36.34117832,-85.28989535,7,n
39.31145587,-86.83900724,21,n
37.42823949,-83.68811419,2,n
42.58016894,-116.1693871,4,n
44.49952995,-70.75682123,14,n
43.38352225,-87.94625009,80,n
46.55418369,-123.7285716,3,n
40.7393172,-95.1497813,4,n
38.61807452,-78.48797204,14,n
26.64676272,-80.46536002,2260,n
32.75310985,-98.31319001,7,n
35.15253315,-76.66559823,6,n
34.36398677,-89.95064249,36,n
32.1639596,-94.30552481,38,n
39.120926,-105.7182065,6,n
45.48965095,-110.5264394,7,n
44.52157546,-109.5852825,1,n
39.77202286,-87.20375833,9,n
32.77757172,-97.80500621,21,n
34.52993409,-102.7844668,1,n
28.30810945,-82.40227529,209,n
36.26723798,-76.25134778,32,n
41.03238628,-74.29954144,8479,n
36.6801638,-80.2865648,0,n
33.91969522,-84.86848792,141,n
41.11676341,-84.5801017,5,n
36.31743373,-96.7033176,28,n
44.00545243,-116.7647695,10,n
36.07695283,-96.97584944,39,n
32.56934316,-83.82937,35,n
30.77090935,-89.58677275,132,n
30.78097267,-102.7241261,5,n
36.2130572,-89.78742322,13,n
48.53234021,-117.2741804,2,n
34.52265624,-77.90352133,8,n
38.69607718,-84.35599463,5,n
38.68314479,-79.35084086,2,n
44.0025835,-102.8240777,11,n
45.40194593,-68.65020455,44,n
40.78702156,-89.76078901,43,n
44.58307413,-91.99949611,0,n
36.17847453,-76.40603143,8,n
32.64048341,-87.29770589,9,n
34.9459153,-92.94372564,3,n
38.08510853,-89.36856219,1,n
38.07809328,-86.63741946,6,n
37.25023553,-83.22922731,4,n
31.17161885,-88.99281835,22,n
37.70660776,-89.82741088,41,n
39.73508655,-82.23804971,9,n
40.40206612,-77.26297447,20,n
35.63708728,-87.86139634,6,n
36.38989032,-78.97217358,16,n
57.13978948,-132.9540995,3,n
37.20530399,-77.39368102,21,n
38.72798918,-93.28471706,13,n
37.87736118,-91.79351727,1,n
40.51156033,-99.41461667,1,n
40.00338507,-75.1379271,9553,n
34.43268455,-90.84800154,4,n
40.59414277,-102.3577703,5,n
39.78465501,-99.34668865,1,n
40.01360584,-88.59319339,7,n
39.64170392,-83.0243386,1246,n
33.28094866,-88.08818103,40,n
34.46589159,-84.46406611,18,n
34.88807695,-82.72791551,39,n
31.35928155,-82.21598442,51,n
42.26434853,-97.60122773,1,n
48.24977025,-99.96407787,2,n
47.03892768,-122.1405958,1188,n
44.71850291,-92.4224416,7,n
31.80396383,-85.9408295,41,n
34.16250414,-93.65789349,2,n
33.09310242,-84.38790389,33,n
39.62265059,-90.8877017,1,n
38.40112197,-87.23574907,1,n
37.47088263,-82.39487445,6,n
31.17507789,-90.40392572,115,n
39.34310674,-91.16980779,6,n
39.07634001,-83.06769584,2,n
41.33155042,-75.03208106,304,n
32.0971334,-111.7890033,941,n
32.90525627,-111.3449483,256,n
46.12105238,-92.74070188,11,n
27.93130349,-82.72239666,607,n
44.02301619,-96.25841142,2,n
45.83839062,-69.2860223,1,n
39.21720112,-106.9310027,57,n
35.59535426,-77.37353178,93,n
34.92065823,-95.7513432,18,n
36.81980341,-79.39731264,6,n
39.06167234,-120.7240569,132,n
29.42245447,-89.60322085,164,n
39.38154439,-94.77068479,27,n
41.57246836,-97.52144359,7,n
42.13299116,-104.966331,0,n
39.37091679,-81.16771771,2,n
40.00355989,-120.8395236,4,n
42.737633,-96.21366621,8,n
41.94070556,-70.80802823,2832,n
35.57433534,-90.66268713,10,n
30.71409502,-91.60209535,71,n
34.48254879,-94.22728802,7,n
27.95027105,-81.69732947,335,n
34.00267074,-85.18677781,36,n
41.68679484,-93.57767461,387,n
47.77372465,-96.40134647,3,n
37.6162296,-93.39828174,1,n
41.18813488,-97.56630712,6,n
35.27820615,-82.16812354,10,n
44.90322804,-123.4128888,33,n
35.12245443,-84.52075859,5,n
30.79472531,-94.8276624,14,n
45.46130348,-92.44182875,4,n
48.22773388,-112.2252703,2,n
34.226046,-89.03636807,18,n
34.72959848,-96.68337199,10,n
35.44871474,-93.03212219,35,n
37.14259351,-76.35798148,6,n
41.16793482,-81.19735782,180,n
44.47558711,-89.50152965,4,n
41.45986947,-87.06848888,180,n
36.85914825,-76.35971629,65,n
38.02097333,-87.86480429,7,n
39.37925655,-96.34564657,6,n
35.20614018,-96.94923008,36,n
41.33640314,-95.53907776,18,n
41.74471626,-77.89559864,4,n
35.40133773,-101.893964,142,n
37.83218794,-83.82553961,1,n
42.69254894,-112.8395742,2,n
41.68625425,-92.53155731,13,n
37.55016038,-77.91267882,8,n
34.83624419,-91.55162157,2,n
37.64780729,-98.73922153,1,n
39.7420247,-84.64787018,24,n
34.61810501,-88.51986294,25,n
45.34018577,-83.91498656,2,n
39.46770987,-79.66712803,10,n
45.68051754,-90.3609888,1,n
37.22554789,-78.43597949,17,n
37.18497668,-77.22922187,28,n
38.83070039,-76.8496441,3583,n
38.70916224,-77.48713689,793,n
55.76261984,-133.0511621,2,n
41.87064746,-71.57753536,3491,n
37.95544985,-102.3926052,1,n
38.17359144,-104.5127437,87,n
34.77054088,-92.31355101,388,n
32.23334561,-83.4754996,18,n
37.22631423,-89.13085001,9,n
41.04166107,-86.69890683,1,n
37.10466131,-84.57629079,35,n
37.82462075,-92.20783203,31,n
37.06474963,-80.71229738,8,n
29.60779729,-81.74230285,58,n
33.32056115,-83.37552891,25,n
39.66437981,-86.84517605,51,n
41.42630093,-73.74965532,778,n
41.02094889,-84.1336111,21,n
36.14005459,-85.50646123,96,n
38.50782345,-81.9082131,14,n
35.10403332,-103.5481727,3,n
39.06198912,-76.03530977,26,n
31.86728114,-85.01773177,3,n
34.25157572,-90.28908,13,n
34.88389445,-83.40304637,8,n
42.74753117,-88.05941254,174,n
37.12222899,-80.5602732,1,n
32.87109387,-95.79232691,2,n
37.76936795,-81.2456041,7,n
39.52817427,-91.51838643,1,n
45.01625271,-93.09872295,202,n
48.26886249,-98.72223879,3,n
34.96585996,-101.8971322,112,n
33.29526734,-85.45708831,56,n
36.3415714,-91.02455531,14,n
31.76622818,-84.75732369,145,n
38.05095369,-89.82512254,58,n
40.15734772,-85.01139319,12,n
39.44007257,-92.4971374,8,n
35.71015088,-79.80570339,77,n
38.769899,-79.87919615,4,n
32.26469147,-89.94537876,141,n
31.19778499,-92.52997303,210,n
38.68295619,-78.15826963,1,n
46.08520862,-114.1189164,5,n
39.3537468,-93.98905745,7,n
47.87197525,-96.09561104,2,n
32.09530039,-93.34213308,21,n
33.61886692,-95.04841765,1,n
40.1755688,-100.476998,1,n
44.40555844,-95.25207021,1,n
31.32323325,-103.6903896,2,n
37.95230263,-98.08607292,15,n
42.71348136,-73.51089874,186,n
44.72836381,-94.94553734,3,n
39.82799632,-97.65036709,4,n
37.36085952,-90.97009925,2,n
35.60536161,-84.93076643,2,n
44.3543376,-93.29658715,7,n
38.71240969,-88.08475366,2,n
32.41391005,-91.76634876,34,n
47.78668011,-104.5610786,3,n
46.26440649,-96.94852979,5,n
40.77180308,-82.5379961,64,n
34.01791263,-80.90267209,657,n
43.3762778,-90.43012729,8,n
33.35777107,-82.07026432,283,n
35.00417719,-79.74491009,20,n
37.937575,-76.72920628,9,n
37.53255773,-77.47966921,236,n
39.28935726,-96.73420026,29,n
36.51072137,-106.6931674,11,n
39.97913541,-108.2179009,1,n
37.5836865,-106.3847838,7,n
39.10235626,-85.26212744,82,n
36.65460667,-90.85990261,4,n
33.74314981,-115.9933578,2847,n
35.84923189,-84.52458689,8,n
38.71622686,-81.35243568,3,n
37.26865804,-80.06396753,24,n
37.27791025,-79.96189766,24,n
45.62975048,-96.94672673,4,n
35.83809685,-100.813175,2,n
36.52454807,-86.87346725,116,n
31.02539637,-96.51272246,2,n
34.64244496,-79.1025053,27,n
43.67482683,-96.25296832,4,n
42.67151616,-89.071479,80,n
41.46613806,-90.57042164,211,n
37.81204314,-79.44605905,5,n
37.36642393,-84.31176452,11,n
33.65145002,-84.02202167,140,n
42.98499744,-71.12883377,489,n
36.39593137,-79.77504841,19,n
38.51006137,-78.87260325,106,n
41.15027894,-74.02560498,9457,n
32.89779518,-96.40771592,41,n
36.37004357,-95.60406759,38,n
48.77245354,-99.84097493,1,n
39.35022773,-99.32484567,4,n
48.29607488,-105.0079268,6,n
34.02097406,-103.4799493,1,n
44.33473082,-84.61067651,11,n
48.77501878,-95.81079919,1,n
39.33705391,-83.06000914,29,n
40.48596505,-106.9905548,49,n
38.19484205,-83.42088935,1,n
35.64003916,-80.52446628,250,n
39.62002287,-85.4655599,21,n
32.10773545,-94.76176432,28,n
45.47498854,-91.1333012,4,n
32.28725256,-85.18415324,48,n
36.99308373,-85.06070117,15,n
36.9302832,-82.10095486,2,n
35.40114178,-81.92112099,84,n
35.84591405,-86.4107263,328,n
43.57723578,-73.03741676,43,n
31.56388699,-93.55433981,13,n
31.34318809,-93.85440451,1,n
38.45106826,-121.3425374,940,n
43.95415864,-69.85074999,16,n
43.33433923,-84.0513121,419,n
38.08054629,-106.282466,3,n
39.58719656,-75.3469663,120,n
37.2836193,-80.06219455,6,n
34.64916145,-92.67583224,45,n
37.75332999,-88.54119706,3,n
38.78369175,-97.65185177,17,n
39.13734288,-93.20259964,67,n
40.52418865,-97.14085859,8,n
40.66616532,-111.9216011,1671,n
34.00795823,-81.72713237,12,n
34.98820368,-78.36914061,22,n
31.39457611,-94.17000399,14,n
36.60308176,-121.069975,44,n
34.84060306,-116.1774685,1406,n
33.03484597,-116.7365326,2268,n
37.75215114,-122.4385672,1216,n
30.57933681,-95.16260304,10,n
37.93433732,-121.2730061,428,n
36.50838318,-108.320437,293,n
37.62762978,-109.8033714,29,n
48.60182783,-122.96745,15,n
35.38822029,-120.4039028,132,n
37.4228808,-122.3275546,920,n
38.00450883,-108.4020725,15,n
35.48014807,-104.8163562,2,n
28.00880118,-97.51763891,8,n
44.02351092,-98.0909816,3,n
35.68862401,-106.8687803,317,n
41.35624126,-83.137872,17,n
39.75836914,-89.65872023,64,n
43.42406072,-82.82055898,32,n
34.65329488,-120.0188492,394,n
37.23104908,-121.6970462,1922,n
31.52508998,-110.8479088,20,n
37.05580291,-122.0066524,106,n
35.50708973,-105.9774716,86,n
30.6934145,-87.02458128,140,n
27.18546175,-82.33174248,291,n
43.10904162,-73.86653895,254,n
46.10830372,-97.63217159,1,n
41.11314181,-96.11156432,55,n
43.42574087,-89.94966132,34,n
41.2278103,-96.63773905,6,n
45.87931905,-91.14504927,2,n
42.81668777,-74.05278291,295,n
32.2654021,-84.31258912,16,n
42.58831742,-74.4433903,20,n
46.19235734,-86.19972234,3,n
40.1571798,-90.61114163,1,n
42.39184015,-76.8773299,8,n
40.70497338,-76.2150785,267,n
38.80270163,-82.98907345,6,n
40.45214695,-92.14709064,4,n
34.8386299,-79.4757978,12,n
34.85588887,-94.0632176,1,n
38.68672078,-85.74627859,24,n
41.63935978,-90.61959493,171,n
38.48222076,-100.9066539,1,n
38.29622293,-84.5816631,22,n
44.6490231,-93.53340251,27,n
32.4067041,-89.53789439,148,n
37.05588075,-89.56474493,51,n
36.42325673,-84.50360494,11,n
36.71466456,-82.60171704,4,n
41.85070896,-103.7080986,22,n
32.74976524,-81.60779441,11,n
32.74613808,-100.9162664,2,n
35.9109364,-92.69936482,6,n
35.19605503,-94.27162713,11,n
37.6842718,-97.4608198,250,n
28.7158582,-81.24060348,325,n
30.93464824,-84.86823924,25,n
35.16478725,-96.61686741,7,n
42.78081007,-76.82497064,18,n
41.12351311,-83.12783209,13,n
35.36979721,-85.41022136,3,n
35.49447108,-94.75463785,10,n
33.99780401,-94.2424869,10,n
35.78077323,-83.52244332,26,n
37.19324632,-100.8507201,79,n
40.87241834,-97.139673,2,n
32.88149103,-90.8159538,3,n
36.16258158,-91.47819342,2,n
40.76391419,-122.0396884,26,n
44.78902246,-88.76443896,6,n
39.04100763,-95.7557264,94,n
43.72099677,-87.94579284,43,n
33.26879845,-86.66232561,273,n
39.39133527,-88.80611122,4,n
39.52305623,-85.7915857,111,n
41.6850066,-95.31015553,9,n
38.21476019,-85.194223,22,n
39.79742518,-92.07634971,1,n
40.33163494,-84.20258189,28,n
35.1864775,-89.89692423,1839,n
31.79211404,-94.14550696,60,n
38.85905135,-78.56813762,41,n
45.44447208,-93.77617511,13,n
39.35018161,-100.4418259,1,n
44.79048913,-106.8862389,12,n
39.35147699,-101.7197624,1,n
45.41501554,-120.6827834,1,n
36.27751473,-101.8933156,7,n
42.953928,-84.14585902,109,n
44.5796592,-94.23164924,1,n
45.90018933,-112.6620092,11,n
36.74058474,-86.58047435,21,n
31.91282117,-89.91716179,28,n
43.08221074,-96.1767568,7,n
46.11323337,-101.0440149,1,n
41.59198861,-122.5407434,5,n
48.48171488,-121.766131,245,n
46.02408726,-121.9164403,3,n
46.44737738,-103.4601547,3,n
39.78516566,-98.78566062,2,n
32.01744532,-89.50644846,47,n
36.25359775,-85.95411046,14,n
32.37474036,-95.2717568,121,n
36.84455636,-81.53344948,13,n
48.04615983,-121.7170703,2163,n
40.77129231,-77.06840691,28,n
34.00715494,-106.9298354,31,n
38.26827353,-121.9357113,180,n
45.51229767,-69.95995554,16,n
38.1163542,-75.75118623,11,n
40.56465737,-74.61683016,2488,n
39.97172723,-79.02699593,19,n
38.52746429,-122.8862506,181,n
36.72231125,-77.10642712,17,n
63.87692095,-143.2127643,1,n
38.99617072,-110.7013958,7,n
37.85447192,-111.4418764,70,n
33.26310031,-84.28013991,135,n
34.92960077,-81.99225984,219,n
38.01519732,-87.0079644,4,n
38.03223971,-85.32749335,9,n
44.93837606,-98.34626602,3,n
47.62113146,-117.4046494,313,n
38.18574462,-77.655399,77,n
29.87761636,-89.51887093,423,n
29.90709658,-90.35555967,508,n
38.77875681,-90.66662425,458,n
33.71902176,-86.31029372,57,n
38.46996033,-89.93063427,276,n
42.92655373,-82.67937954,252,n
38.03699437,-93.77631447,2,n
45.03437474,-92.45000068,11,n
35.02201976,-90.74828138,65,n
37.81214171,-90.47598685,24,n
30.82210324,-90.71013176,20,n
30.02531716,-90.80212061,222,n
30.12597499,-90.4753503,669,n
29.90096506,-81.43589967,192,n
41.61756781,-86.29040834,412,n
41.91441767,-85.52797979,25,n
30.59724262,-92.00135806,136,n
44.4976179,-75.06550039,110,n
47.6048407,-92.46879855,52,n
38.6377004,-90.4458375,2289,n
38.63555736,-90.24349225,859,n
27.37763908,-80.47106649,204,n
30.13112107,-91.61403569,193,n
29.69262097,-91.44702164,156,n
38.30058422,-76.6062928,107,n
30.40942847,-89.95642711,1057,n
38.03100851,-98.71762001,1,n
38.41758738,-77.45917053,161,n
37.55862499,-120.9970722,226,n
35.31647813,-80.25093221,21,n
37.56304714,-101.7843534,4,n
41.9169835,-97.19394708,2,n
41.09309773,-89.79745866,1,n
46.80851182,-102.6576326,39,n
40.81482476,-81.36437305,237,n
41.27890281,-86.64686895,11,n
26.56150059,-98.73892358,7,n
38.15965544,-79.05979937,8,n
37.89090059,-90.1949941,7,n
45.55192576,-94.61078221,17,n
44.02240351,-93.22627088,9,n
34.55151201,-83.29405315,40,n
34.48556989,-97.85141892,19,n
32.73553157,-98.83631615,1,n
42.35129217,-89.662598,12,n
41.64423868,-85.00101094,17,n
42.2689144,-77.3829924,195,n
37.1923008,-101.3118967,4,n
48.40035475,-117.8542701,8,n
32.07996777,-84.83208037,17,n
36.50235092,-87.83920548,6,n
45.67071407,-109.3950061,1,n
36.85571651,-89.9444155,18,n
36.4017975,-80.23893369,10,n
35.86251946,-92.15684085,7,n
30.79187949,-89.11547539,19,n
36.75000327,-93.45256475,3,n
42.03621213,-93.46499005,20,n
43.291833,-71.02336013,111,n
46.97962541,-98.95637318,3,n
42.76558279,-109.9130922,1,n
42.3279514,-71.07850442,8074,n
40.88320119,-72.8012172,28127,n
36.70155394,-76.63603554,92,n
39.08952258,-87.41414469,9,n
43.36094111,-72.22203125,10,n
41.71579493,-74.76394559,560,n
41.44634738,-76.51246591,1,n
36.51240691,-82.30412917,45,n
44.71571812,-100.1278092,1,n
37.65390597,-80.86009693,1,n
39.63803232,-106.1150762,93,n
41.12464734,-81.53123079,370,n
40.86688146,-110.9535882,331,n
37.23682549,-97.47721621,3,n
36.46824103,-86.45917204,518,n
32.59117397,-88.19916205,40,n
28.70181754,-82.0794267,153,n
32.03650571,-84.19821492,332,n
33.91826534,-80.37942316,185,n
33.60192578,-90.58882684,47,n
36.41689489,-80.69102283,17,n
37.11781893,-76.88450012,4,n
41.82147784,-75.80071959,66,n
38.66143781,-75.39031349,1055,n
41.13891592,-74.69118243,680,n
36.92432914,-77.25791182,12,n
39.03417539,-121.6945899,26,n
30.19746066,-82.9909967,98,n
41.65943896,-108.8827882,10,n
45.2829032,-95.68264092,1,n
34.53028891,-101.7349174,5,n
38.82767338,-85.03022429,13,n
32.69642758,-84.53351366,19,n
38.76618159,-76.10882561,22,n
33.37823223,-86.16886178,47,n
33.95339918,-90.1729398,8,n
32.86698258,-85.79833053,193,n
42.07991767,-92.53266945,197,n
36.65465345,-93.04075153,9,n
30.62888673,-90.40664996,452,n
36.58006022,-105.6310198,16,n
32.77143818,-97.29101614,1242,n
34.65133709,-89.94485778,34,n
32.04785085,-82.05539188,5,n
30.04848048,-83.60445406,2,n
32.55792548,-84.25077141,13,n
40.73710579,-94.69778563,1,n
37.3677562,-85.3329931,4,n
32.30163422,-99.89007449,144,n
39.33602617,-80.0421439,5,n
40.50716185,-89.51404662,26,n
37.12191123,-81.56685568,4,n
40.12570935,-122.2370171,1,n
31.92829517,-82.93491155,15,n
38.88133511,-105.1614893,24,n
32.00760749,-91.32915234,1,n
29.37343766,-90.82626855,342,n
31.77527543,-84.44069698,150,n
33.17402785,-102.3354521,10,n
43.75303583,-111.2056773,8,n
43.93522482,-110.5890801,62,n
37.31728859,-91.96564727,0,n
36.74777635,-101.4889765,20,n
30.86392347,-83.91847289,126,n
42.15725356,-96.54157099,0,n
46.9291895,-122.8290656,94,n
31.45743864,-83.5236119,92,n
45.46248721,-123.712066,6,n
34.37288446,-98.92426619,2,n
42.16852837,-76.30835812,37,n
41.77255149,-77.25433032,14,n
34.76872156,-88.90988194,47,n
40.38872739,-86.89413959,58,n
40.31123252,-86.05234925,13,n
35.501942,-89.73694895,83,n
34.74023475,-88.23917219,4,n
33.21339719,-94.96797273,9,n
36.8381152,-87.17878374,9,n
46.06996226,-94.89785296,3,n
43.19338568,-100.7195503,1,n
41.85853803,-72.3308481,299,n
31.40464436,-100.462443,41,n
42.44945765,-76.47229843,119,n
40.44862644,-113.1295715,41,n
48.65577551,-111.6942414,29,n
32.12059861,-82.32957247,20,n
34.64048375,-105.8508949,13,n
34.91369188,-83.7410746,15,n
35.20383864,-82.79638423,8,n
45.77298854,-96.47062949,2,n
30.33432034,-97.7853562,1108,n
44.30360275,-91.35893614,1,n
32.40422134,-82.56904553,2,n
40.12491499,-109.5174415,10,n
36.80767017,-87.87333656,4,n
38.61056487,-85.33775972,2,n
31.0879489,-95.1367187,7,n
33.03349196,-85.02812115,100,n
36.39026213,-86.16087954,21,n
41.31735028,-80.76109643,249,n
39.11240885,-79.57053576,4,n
36.22026558,-118.8020203,422,n
36.11939621,-95.94013939,422,n
34.64967704,-90.37481167,32,n
38.02644018,-119.9525093,2,n
31.71612656,-83.62069378,59,n
43.3109081,-97.14865776,6,n
33.28726072,-87.52556818,153,n
40.44214695,-81.47226262,32,n
43.46606813,-83.41897025,63,n
32.67435595,-83.43078662,4,n
42.35440512,-114.6685381,117,n
30.77031716,-94.37690895,6,n
39.46811972,-80.88772676,3,n
35.87147226,-76.17055253,4,n
41.2878183,-110.5475782,6,n
41.89027881,-74.26252104,997,n
45.59073056,-118.7353826,27,n
36.10890856,-82.43709629,1,n
33.16887091,-92.59746952,26,n
30.04412971,-82.37497443,2,n
34.82995757,-83.98967069,16,n
37.47119609,-89.25548938,5,n
39.62550777,-84.92497066,6,n
41.0277278,-94.24234847,1,n
37.66166713,-87.94300009,8,n
32.83121059,-92.3749373,79,n
34.49162015,-89.00776006,11,n
40.65835409,-74.30680092,9972,n
34.98960527,-80.52955873,163,n
40.30016061,-83.37239023,13,n
45.30915495,-118.0068979,4,n
40.96188846,-77.05996014,28,n
34.68835752,-81.61730349,24,n
42.83112163,-96.6557828,7,n
36.28590426,-83.83651902,3,n
32.73706798,-94.93999853,9,n
38.89285061,-80.23689136,4,n
32.87920671,-84.30024826,175,n
40.1166722,-111.6657662,498,n
29.35739637,-99.76229172,6,n
29.89149232,-101.1525205,12,n
34.71669834,-106.8103733,33,n
44.76728382,-115.5676773,2,n
35.58095779,-92.51295036,26,n
40.75326764,-91.95017958,8,n
42.25190229,-86.01939087,33,n
35.69864497,-85.45221699,1,n
40.8554138,-84.591117,3,n
32.56483801,-95.83766469,12,n
36.36880673,-78.40670845,33,n
38.02658833,-87.58763124,87,n
41.40323442,-79.75845449,6,n
34.44465746,-119.0910613,428,n
40.18417171,-87.73384359,9,n
29.83517605,-92.30292538,33,n
39.8523352,-87.46160542,6,n
31.10884837,-93.18153838,14,n
37.8457799,-94.34127305,4,n
28.79780988,-96.96813006,93,n
39.42944561,-87.39169027,58,n
46.05467334,-89.51719204,4,n
36.73285734,-76.04566934,281,n
29.05858895,-81.18263252,342,n
38.44272901,-87.84922065,1,n
40.84704239,-85.79328272,10,n
44.28424356,-92.23121312,8,n
38.95471985,-96.20350509,2,n
35.96024096,-95.51911308,108,n
46.2918004,-123.4250831,2,n
35.78879266,-78.65249174,605,n
30.16548905,-84.39895211,15,n
44.4858305,-69.12061935,43,n
33.80270512,-87.30027177,90,n
34.73376362,-85.30165174,19,n
30.73872995,-95.57440968,73,n
46.23040051,-118.4775539,33,n
30.01058447,-95.99011759,24,n
45.57894064,-117.183538,1,n
48.36876964,-97.72574783,3,n
31.14971548,-90.10446654,24,n
30.64204028,-86.16935664,32,n
33.78017694,-83.73552314,63,n
45.43019636,-100.0307514,5,n
42.66858202,-88.54163073,86,n
41.03064984,-92.40954728,6,n
48.22390169,-101.5436763,20,n
31.05449097,-82.42224148,88,n
33.41146451,-82.67795848,10,n
40.84925021,-90.6147432,15,n
40.34728141,-87.35602659,7,n
41.33559454,-93.56007641,20,n
36.99903045,-86.42672751,101,n
32.35810271,-90.83352619,22,n
38.76529479,-91.16124662,22,n
40.85951833,-74.99556527,613,n
43.56173026,-73.8433699,101,n
36.39728256,-78.10652228,3,n
39.42581994,-84.16557457,116,n
41.81304978,-79.26969577,1,n
35.6728299,-85.77969117,5,n
38.90847745,-78.20280433,24,n
38.08922676,-87.2716085,59,n
40.33110236,-111.1691419,118,n
45.16292781,-121.1670954,10,n
44.02211116,-93.58720034,3,n
43.90451606,-107.680187,5,n
45.89838588,-91.79050449,1,n
31.4092794,-88.20689944,16,n
35.976844,-94.21800746,54,n
39.97015535,-103.202587,6,n
30.61359259,-85.66002461,6,n
32.96711864,-82.79357039,25,n
44.45275475,-116.7847688,1,n
38.35309213,-89.40982703,7,n
38.60219804,-86.1049363,31,n
41.33577126,-91.71725711,121,n
37.75599461,-85.17407732,3,n
30.85288548,-90.03866652,195,n
45.01607142,-67.62813524,2,n
39.60835778,-77.82002295,123,n
45.03864533,-92.88429635,97,n
33.28392041,-90.94196237,71,n
37.96130078,-90.87948158,5,n
41.52815707,-96.22019892,21,n
43.31153794,-73.43043448,65,n
35.83810081,-76.57299037,21,n
39.45690571,-81.49121382,65,n
36.71380786,-95.90514104,148,n
45.55972701,-123.0955257,408,n
40.19208869,-80.24582867,83,n
41.45961631,-71.61435303,198,n
36.29472368,-82.4945472,46,n
30.21498498,-96.40946246,61,n
44.27343241,-72.61604978,32,n
36.72341572,-81.95666289,29,n
43.36863664,-88.22974712,86,n
40.66562265,-119.6631594,662,n
42.253105,-83.83853204,878,n
36.23103603,-81.70033724,8,n
43.97823903,-94.61413846,4,n
43.01833055,-88.30431188,269,n
44.47068056,-88.96534501,4,n
44.11324419,-89.24317107,2,n
31.5521809,-81.91894878,8,n
38.42955355,-88.42586459,1,n
39.8633444,-85.01044989,28,n
36.80310688,-84.8251971,6,n
42.28098405,-83.281255,13912,n
31.64135687,-88.69573913,12,n
42.20934475,-97.11926964,1,n
43.15494365,-77.02976528,50,n
35.36438125,-78.00027268,572,n
40.82925852,-81.88844833,81,n
41.64938475,-75.29956506,85,n
35.23868267,-87.78644456,2,n
38.14901357,-82.42287994,78,n
38.06451466,-78.90293905,8,n
36.29896232,-88.71990865,8,n
27.7610369,-99.33237355,280,n
41.27116049,-111.9145117,124,n
32.04066113,-84.54742852,6,n
42.42853483,-94.17987389,4,n
37.52168356,-87.67989953,13,n
32.70847669,-93.33121835,78,n
33.61300486,-89.28392912,15,n
37.2813734,-92.876329,10,n
40.17642643,-98.50019851,2,n
40.55499405,-104.3929621,1063,n
40.72934187,-85.22132966,5,n
30.46058217,-91.30989571,90,n
32.78550125,-91.461201,4,n
30.87882871,-91.4148538,78,n
41.16278376,-73.75741653,24306,n
40.3137798,-79.46615476,286,n
38.11021557,-76.80213247,10,n
39.6065771,-80.6401654,3,n
44.33853602,-85.57712739,7,n
29.27765923,-96.22319248,34,n
48.82227976,-121.7490018,278,n
32.12009104,-82.72574721,3,n
35.25688493,-91.74908296,29,n
34.64624278,-83.74905525,30,n
40.74911165,-86.86492015,8,n
35.92929884,-85.45591799,4,n
39.44157041,-114.899966,3,n
41.75509713,-89.91556058,41,n
34.80987459,-84.96093476,45,n
41.13863784,-85.50791236,16,n
36.75700531,-84.14541217,8,n
46.90022523,-117.5241763,13,n
33.98842886,-98.7041034,60,n
38.37301947,-75.62705831,166,n
34.07945812,-99.24178437,1,n
31.98773215,-87.30891118,49,n
31.97496928,-83.43438555,44,n
33.78290391,-82.74286107,18,n
36.2084135,-81.16232895,4,n
46.35721532,-96.4684375,9,n
32.80291082,-83.17140684,22,n
31.16078225,-91.31018819,61,n
41.44619267,-87.97862712,1692,n
26.47411727,-97.61535848,8,n
48.34522353,-103.4793387,9,n
41.56052014,-84.58429552,8,n
33.62190129,-79.72767442,26,n
37.28131268,-76.70905141,19,n
37.73033511,-88.92994027,15,n
35.89099229,-86.89281867,357,n
30.64655664,-97.6004854,155,n
37.55937174,-95.74323255,1,n
35.70625477,-77.917978,116,n
36.15496772,-86.29775884,185,n
29.1732598,-98.08693082,21,n
39.17054517,-78.17325058,25,n
41.82972709,-71.98182316,108,n
42.986982,-72.71268875,63,n
43.58010937,-72.58595157,37,n
31.85008651,-103.0485163,3,n
31.94449367,-92.63789413,19,n
42.33641854,-89.16085327,195,n
43.37751174,-93.73407298,2,n
44.06886922,-88.64477096,41,n
43.29094334,-91.84422722,6,n
43.98772283,-91.78081305,61,n
34.15030532,-87.37325922,9,n
33.08747908,-89.03391385,36,n
39.02775007,-81.37473928,2,n
33.21570665,-97.65460265,9,n
36.9746148,-82.62410519,18,n
41.36224827,-83.62285108,84,n
32.78722382,-95.38236368,6,n
39.20967886,-81.5162836,31,n
44.45537896,-90.04158336,2,n
42.38979414,-96.0459439,44,n
40.78579374,-89.20973757,11,n
38.04178222,-84.7417556,18,n
35.18902527,-91.2439489,1,n
36.76705782,-98.86573064,3,n
37.8865336,-95.74006277,5,n
36.42316318,-99.26283045,1,n
38.21274277,-75.33200012,34,n
42.35026951,-71.90493363,3069,n
31.55162306,-83.85090513,128,n
43.37750768,-93.26087602,1,n
40.47945588,-94.42328751,1,n
42.73305373,-93.73515113,1,n
45.17297924,-93.96234781,25,n
37.27029221,-92.46914488,9,n
40.84339621,-83.30734173,17,n
39.11727348,-94.76378225,427,n
42.70145109,-78.22199579,44,n
41.51955538,-76.01074915,17,n
37.612327,-81.54511071,1,n
36.91582035,-81.07834059,10,n
36.16222629,-80.66239436,11,n
46.45738486,-120.7380126,835,n
34.02824175,-89.7076205,16,n
45.23330449,-123.3086963,35,n
43.00924485,-97.39467635,23,n
42.63505484,-77.10369919,10,n
34.59933926,-112.5538588,71,n
32.77890365,-90.39656148,95,n
35.00292371,-93.41171338,2,n
44.71710183,-95.86842453,3,n
45.93955949,-108.2691486,72,n
33.17320212,-102.8276433,1,n
38.68278902,-121.9018288,137,n
43.47808377,-70.71052375,181,n
40.87272618,-97.59710186,7,n
39.9210089,-76.73040131,493,n
34.97281497,-81.18085944,159,n
37.24374789,-76.54412815,44,n
33.17659707,-98.68790885,4,n
39.26255932,-121.3535644,16,n
65.50815459,-151.3907387,1,n
32.76895712,-113.9066674,31,n
40.00346839,-102.4258673,3,n
27.00156391,-99.16987152,6,n
28.86617238,-99.76050829,1,n
53.9333,-116.5765,2908,n
18.2206,-63.0686,3,n
31.8257,117.2264,991,n
12.5211,-69.9683,97,n
-35.4735,149.0124,103,n
40.1824,116.4142,593,n
32.3078,-64.7505,86,n
12.1784,-68.2385,5,n
53.7267,-127.6476,1647,n
18.4207,-64.64,5,n
19.3133,-81.2546,66,n
49.3723,-2.3644,488,n
30.0572,107.874,579,n
12.1696,-68.99,14,n
-51.7963,-59.5236,11,n
61.8926,-6.9118,185,n
4,-53,97,n
-17.6797,-149.4068,56,n
26.0789,117.9874,355,n
37.8099,101.0583,139,n
36.1408,-5.3536,132,n
71.7069,-42.6043,11,n
16.265,-61.551,148,n
13.4443,144.7937,136,n
23.3417,113.4244,1581,n
23.8298,108.7881,254,n
26.8154,106.8748,147,n
19.1959,109.7453,168,n
39.549,116.1306,328,n
47.862,127.7615,905,n
33.882,113.614,1276,n
22.3,114.2,1025,n
30.9756,112.2707,68128,n
27.6104,111.7088,1019,n
44.0935,113.9448,194,n
54.2361,-4.5481,300,n
32.9711,119.455,653,n
27.614,115.7221,937,n
43.6661,126.1923,104,n
41.2956,122.6085,146,n
22.1667,113.55,45,n
53.7609,-98.8139,254,n
14.6415,-61.0242,163,n
-12.8275,45.166244,271,n
16.742498,-62.187366,11,n
46.5653,-66.4619,118,n
-20.904305,165.618042,18,n
-33.8688,151.2093,2926,n
53.1355,-57.6604,257,n
37.2692,106.1655,75,n
15.0979,145.6739,14,n
-12.4634,130.8456,28,n
64.8255,-124.8457,5,n
44.682,-63.7443,721,n
51.2538,-85.3232,12063,n
46.5107,-63.4168,26,n
18.2208,-66.5901,1252,n
35.7452,95.9956,18,n
52.9399,-73.5491,19319,n
-27.4698,153.0251,1015,n
-21.1151,55.5364,408,n
17.9,-62.8333,6,n
46.8852,-56.3159,1,n
52.9399,-106.4509,316,n
35.1917,108.8701,256,n
36.3427,118.1498,787,n
31.202,121.4491,638,n
37.5777,112.2922,197,n
30.6171,102.7103,561,n
18.0425,-63.0548,67,n
-34.9285,138.6007,435,n
18.0708,-63.0501,37,n
-42.8821,147.3272,180,n
39.3054,117.323,189,n
31.6927,88.0924,1,n
21.694,-71.7979,11,n
-37.8136,144.9631,1319,n
18.3358,-64.8963,53,n
-31.9505,115.8605,541,n
41.1129,85.2401,76,n
64.2823,-135,11,n
24.974,101.487,184,n
29.1832,120.0934,1268,n
33.93911,67.709953,1026,n
41.1533,20.1683,584,n
28.0339,1.6596,2718,n
42.5063,1.5218,717,n
-11.2027,17.8739,24,n
17.0608,-61.7964,23,n
-38.4161,-63.6167,2941,n
40.0691,45.0382,1339,n
47.5162,14.5501,14795,n
40.1431,47.5769,1436,n
25.025885,-78.035889,60,n
26.0275,50.55,1907,n
23.685,90.3563,2948,n
13.1939,-59.5432,75,n
53.7098,27.9534,6264,n
50.8333,4.469936,39983,n
17.1899,-88.4976,18,n
9.3077,2.3158,54,n
27.5142,90.4336,5,n
-16.2902,-63.5887,564,n
43.9159,17.6791,1309,n
-22.3285,24.6849,20,n
-14.235,-51.9253,40743,n
4.5353,114.7277,138,n
42.7339,25.4858,929,n
12.2383,-1.5616,581,n
21.9162,95.956,119,n
-3.3731,29.9189,5,n
16.5388,-23.0418,67,n
11.55,104.9167,122,n
3.848,11.5021,1163,n
6.6111,20.9394,12,n
15.4542,18.7322,33,n
-35.6751,-71.543,10507,n
4.5709,-74.2973,3977,n
-4.2634,15.2832,160,n
-4.322447,15.307045,332,n
9.7489,-83.7534,662,n
7.54,-5.5471,847,n
45.1,15.2,1881,n
21.521757,-77.781167,1087,n
35.1264,33.4299,772,n
49.8175,15.473,6900,n
56.2639,9.5018,7515,n
11.8251,42.5903,846,n
15.415,-61.371,16,n
18.7357,-70.1627,4964,n
-1.8312,-78.1834,10128,n
26.820553,30.802498,3333,n
13.7942,-88.8965,218,n
1.6508,10.2679,79,n
15.1794,39.7823,39,n
58.5953,25.0136,1535,n
-26.5225,31.4659,24,n
9.145,40.4897,111,n
-17.7134,178.065,18,n
61.92411,25.748151,3868,n
46.2276,2.2137,155275,n
-0.8037,11.6094,120,n
13.4432,-15.3101,10,n
42.3154,43.3569,402,n
51.165691,10.451526,147065,n
7.9465,-1.0232,1042,n
39.0742,21.8243,2245,n
12.1165,-61.679,14,n
15.7835,-90.2308,289,n
9.9456,-9.6966,622,n
11.8037,-15.1804,50,n
4.860416,-58.93018,65,n
18.9712,-72.2852,57,n
41.9029,12.4534,9,n
15.2,-86.2419,477,n
47.1625,19.5033,1984,n
64.9631,-19.0208,1773,n
20.593684,78.96288,18539,n
-0.7893,113.9213,6760,n
32.427908,53.688046,83505,n
33.223191,43.679291,1574,n
53.1424,-7.6921,15652,n
31.046051,34.851612,13713,n
41.87194,12.56738,181228,n
18.1096,-77.2975,223,n
36.204824,138.252924,10797,n
31.24,36.51,425,n
48.0196,66.9237,1852,n
-0.0236,37.9062,281,n
35.907757,127.766922,10674,n
42.602636,20.902977,510,n
29.31166,47.481766,1995,n
41.20438,74.766098,568,n
19.85627,102.495496,19,n
56.8796,24.6032,739,n
33.8547,35.8623,677,n
6.428055,-9.429499,99,n
26.3351,17.228331,51,n
47.14,9.55,81,n
55.1694,23.8813,1326,n
49.8153,6.1296,3558,n
-18.766947,46.869107,121,n
-13.254308,34.301525,17,n
4.210484,101.975766,5425,n
3.2028,73.2207,69,n
17.570692,-3.996166,246,n
35.9375,14.3754,431,n
21.0079,-10.9408,7,n
-20.348404,57.552152,328,n
23.6345,-102.5528,8261,n
47.4116,28.3699,2548,n
43.7333,7.4167,94,n
46.8625,103.8467,33,n
42.708678,19.37439,312,n
31.7917,-7.0926,3046,n
-18.665695,35.529562,39,n
-22.9576,18.4904,16,n
28.1667,84.25,31,n
52.1326,5.2913,33405,n
-40.9006,174.886,1440,n
12.865416,-85.207229,10,n
17.607789,8.081666,648,n
9.082,8.6753,665,n
41.6086,21.7453,1225,n
60.472,8.4689,7156,n
21.512583,55.923255,1410,n
30.3753,69.3451,8418,n
8.538,-80.7821,4467,n
-6.314993,143.95555,7,n
-23.4425,-58.4438,208,n
-9.19,-75.0152,16325,n
12.879721,121.774017,6459,n
51.9194,19.1451,9593,n
39.3999,-8.2245,20863,n
25.3548,51.1839,6015,n
45.9432,24.9668,8936,n
61.52401,105.318756,47121,n
-1.9403,29.8739,147,n
17.357822,-62.782998,15,n
13.9094,-60.9789,15,n
12.9843,-61.2872,12,n
43.9424,12.4578,462,n
0.18636,6.613081,4,n
23.885942,45.079162,10484,n
14.4974,-14.4524,377,n
44.0165,21.0059,6630,n
-4.6796,55.492,11,n
8.460555,-11.779889,43,n
1.2833,103.8333,8014,n
48.669,19.699,1173,n
46.1512,14.9955,1335,n
5.152149,46.199616,237,n
-30.5595,22.9375,3300,n
6.877,31.307,4,n
40.463667,-3.74922,200210,n
7.873054,80.771797,304,n
12.8628,30.2176,107,n
3.9193,-56.0278,10,n
60.128161,18.643501,14777,n
46.8182,8.2275,27944,n
34.802075,38.996815,39,n
23.7,121,422,n
-6.369028,34.888822,254,n
15.870032,100.992541,2792,n
-8.874217,125.727539,22,n
8.6195,0.8248,84,n
10.6918,-61.2225,114,n
33.886917,9.537499,884,n
38.9637,35.2433,90980,n
1.373333,32.290275,56,n
48.3794,31.1656,5710,n
23.424076,53.847818,7265,n
55.3781,-3.436,124743,n
-32.5228,-55.7658,535,n
41.377491,64.585262,1627,n
6.4238,-66.5897,256,n
14.058324,108.277199,268,n
31.9522,35.2332,449,n
24.2155,-12.8858,6,n
15.552727,48.516388,1,n
-13.133897,27.849332,65,n
-19.015438,29.154857,25,n